time_iso,elapsed_s,Right_shoulder_elevation_pos_deg,Right_shoulder_protraction_pos_deg,Right_shoulder_abduction_pos_deg,Right_shoulder_rotation_pos_deg,Right_shoulder_flexion_pos_deg,Right_elbow_flexion_pos_deg,Right_wrist_pronation_pos_deg,Left_shoulder_elevation_pos_deg,Left_shoulder_protraction_pos_deg,Left_shoulder_abduction_pos_deg,Left_shoulder_rotation_pos_deg,Left_shoulder_flexion_pos_deg,Left_elbow_flexion_pos_deg,Left_wrist_pronation_pos_deg
2025-10-03T11:20:39.010,0.002175,0.899597,-3.049622,-23.437683,23.296693,-0.484863,-18.934338,44.387603,-6.056397,2.416260,-5.016358,-7.547791,-44.013794,8.966584,70.169327
2025-10-03T11:20:39.010,0.002278,0.899048,-3.049622,-23.437683,23.296693,-0.484863,-18.948261,44.387603,-6.056397,2.416260,-5.016541,-7.547791,-44.013794,8.966584,70.169327
2025-10-03T11:20:39.018,0.009911,0.898499,-3.049622,-23.437683,23.296693,-0.484863,-18.963055,44.387603,-6.056397,2.416260,-5.016541,-7.547791,-44.013794,8.966584,70.169327
2025-10-03T11:20:39.018,0.009986,0.898315,-3.049622,-23.437683,23.297058,-0.484863,-18.976108,44.387603,-6.056397,2.416260,-5.016541,-7.547791,-44.013978,8.966584,70.169327
2025-10-03T11:20:39.028,0.020203,0.897949,-3.049622,-23.437683,23.297058,-0.484863,-18.991336,44.387603,-6.056397,2.416260,-5.016541,-7.547791,-44.013978,8.966584,70.169327
2025-10-03T11:20:39.037,0.029421,0.897583,-3.049622,-23.437683,23.297058,-0.484863,-19.020053,44.387603,-6.056397,2.416260,-5.016724,-7.547791,-44.013978,8.966584,70.169327
2025-10-03T11:20:39.037,0.029514,0.897400,-3.049438,-23.437683,23.297243,-0.484863,-19.032670,44.387603,-6.056397,2.416260,-5.016907,-7.547791,-44.013978,8.967019,70.170741
2025-10-03T11:20:39.048,0.039719,0.896851,-3.049438,-23.437683,23.297425,-0.484863,-19.046594,44.387603,-6.056397,2.416260,-5.017090,-7.547791,-44.013978,8.967019,70.170741
2025-10-03T11:20:39.048,0.039800,0.896301,-3.049438,-23.437683,23.297425,-0.484863,-19.060083,44.387603,-6.056397,2.416260,-5.017090,-7.547791,-44.014162,8.966584,70.170741
2025-10-03T11:20:39.058,0.049978,0.895752,-3.049438,-23.437683,23.297243,-0.484863,-19.075311,44.387603,-6.056397,2.416260,-5.017456,-7.547791,-44.014162,8.966584,70.172161
2025-10-03T11:20:39.058,0.050059,0.894836,-3.049438,-23.437683,23.297243,-0.484863,-19.089235,44.387603,-6.056213,2.416260,-5.017456,-7.547974,-44.014162,8.967019,70.172161
2025-10-03T11:20:39.067,0.059598,0.894287,-3.049438,-23.437683,23.297243,-0.484863,-19.105333,44.387603,-6.056213,2.416260,-5.017456,-7.547974,-44.014162,8.967019,70.172161
2025-10-03T11:20:39.068,0.059702,0.893555,-3.049438,-23.437500,23.297425,-0.484863,-19.118386,44.387603,-6.056213,2.416260,-5.017456,-7.547974,-44.014343,8.967019,70.172161
2025-10-03T11:20:39.078,0.069901,0.892456,-3.049622,-23.437500,23.297791,-0.485046,-19.133616,44.387603,-6.056213,2.416260,-5.018006,-7.547974,-44.014343,8.967019,70.172161
2025-10-03T11:20:39.078,0.069992,0.891357,-3.049622,-23.437500,23.297975,-0.485046,-19.145363,44.387603,-6.056213,2.416260,-5.018189,-7.547974,-44.014528,8.967019,70.172161
2025-10-03T11:20:39.087,0.079442,0.890442,-3.049622,-23.437500,23.297975,-0.485046,-19.157110,44.387603,-6.056397,2.416260,-5.018372,-7.547974,-44.014528,8.966584,70.173575
2025-10-03T11:20:39.087,0.079523,0.889526,-3.049438,-23.437683,23.297975,-0.485046,-19.167553,44.387603,-6.056397,2.416260,-5.018372,-7.548157,-44.014528,8.967019,70.173575
2025-10-03T11:20:39.098,0.089759,0.888245,-3.049438,-23.437683,23.297975,-0.485046,-19.176255,44.387603,-6.056397,2.416260,-5.018555,-7.548340,-44.014528,8.967019,70.173575
2025-10-03T11:20:39.098,0.089857,0.887146,-3.049438,-23.437500,23.298158,-0.484863,-19.182346,44.387603,-6.056397,2.416260,-5.018555,-7.548524,-44.014528,8.967019,70.173575
2025-10-03T11:20:39.108,0.100137,0.886047,-3.049622,-23.437683,23.297975,-0.484863,-19.189307,44.387603,-6.056397,2.416077,-5.018738,-7.548706,-44.014528,8.967019,70.173575
2025-10-03T11:20:39.108,0.100244,0.884949,-3.049438,-23.437868,23.297791,-0.484680,-19.193660,44.387603,-6.056397,2.416077,-5.018921,-7.548889,-44.014528,8.967019,70.173575
2025-10-03T11:20:39.118,0.109830,0.883850,-3.049438,-23.437868,23.297791,-0.484497,-19.197575,44.387603,-6.056397,2.416077,-5.019287,-7.548889,-44.014528,8.966584,70.173575
2025-10-03T11:20:39.118,0.109913,0.882568,-3.049438,-23.437868,23.297608,-0.484497,-19.206277,44.387603,-6.056397,2.416077,-5.019287,-7.549073,-44.014528,8.966584,70.173575
2025-10-03T11:20:39.128,0.120097,0.881836,-3.049622,-23.437868,23.297425,-0.484497,-19.214545,44.387603,-6.056397,2.416077,-5.019287,-7.549073,-44.014528,8.967019,70.173575
2025-10-03T11:20:39.128,0.120177,0.880920,-3.049438,-23.437868,23.297425,-0.484497,-19.224116,44.387603,-6.056397,2.416077,-5.019287,-7.549073,-44.014712,8.967019,70.173575
2025-10-03T11:20:39.137,0.129391,0.880188,-3.049438,-23.437868,23.297608,-0.484680,-19.236734,44.387603,-6.056397,2.416077,-5.019287,-7.549073,-44.014712,8.967019,70.173575
2025-10-03T11:20:39.137,0.129472,0.879456,-3.049438,-23.437868,23.297975,-0.484863,-19.250658,44.387603,-6.056397,2.416077,-5.019470,-7.549073,-44.014712,8.967019,70.173575
2025-10-03T11:20:39.148,0.139690,0.878723,-3.049438,-23.437868,23.298158,-0.484863,-19.265016,44.387603,-6.056397,2.416077,-5.019653,-7.549255,-44.014712,8.967019,70.174996
2025-10-03T11:20:39.148,0.139772,0.877625,-3.049438,-23.437683,23.298706,-0.485229,-19.281549,44.387603,-6.056213,2.416260,-5.019836,-7.549255,-44.014712,8.967019,70.174996
2025-10-03T11:20:39.158,0.149967,0.876343,-3.049622,-23.437500,23.299256,-0.485413,-19.302000,44.387603,-6.056213,2.416260,-5.019836,-7.549255,-44.014712,8.967019,70.174996
2025-10-03T11:20:39.158,0.150037,0.875061,-3.049438,-23.437318,23.299988,-0.485413,-19.320274,44.387603,-6.056213,2.416260,-5.019836,-7.549255,-44.014893,8.967454,70.174996
2025-10-03T11:20:39.167,0.159580,0.873413,-3.049438,-23.436951,23.301088,-0.485596,-19.339853,44.387603,-6.056213,2.416260,-5.020020,-7.549439,-44.014893,8.967454,70.176417
2025-10-03T11:20:39.168,0.159666,0.870667,-3.049622,-23.436768,23.302369,-0.485596,-19.360738,44.387603,-6.056213,2.416260,-5.020203,-7.549439,-44.014893,8.967454,70.176417
2025-10-03T11:20:39.178,0.169882,0.868469,-3.049438,-23.436585,23.303284,-0.485596,-19.384234,44.387603,-6.056397,2.416260,-5.020569,-7.549439,-44.014893,8.967454,70.176417
2025-10-03T11:20:39.178,0.169966,0.864624,-3.049438,-23.436585,23.304016,-0.485596,-19.407730,44.387603,-6.056213,2.416260,-5.020569,-7.549439,-44.015078,8.967454,70.177830
2025-10-03T11:20:39.187,0.179370,0.860962,-3.049438,-23.436768,23.304566,-0.485779,-19.433835,44.387603,-6.056213,2.416260,-5.020752,-7.549439,-44.015259,8.967454,70.177830
2025-10-03T11:20:39.198,0.189859,0.857483,-3.049438,-23.436951,23.305481,-0.486145,-19.464292,44.387603,-6.056397,2.416260,-5.020752,-7.549439,-44.015259,8.967454,70.177830
2025-10-03T11:20:39.198,0.189953,0.854553,-3.049255,-23.437135,23.306764,-0.486511,-19.498230,44.387603,-6.056397,2.416260,-5.020935,-7.549439,-44.015259,8.967454,70.179251
2025-10-03T11:20:39.198,0.190023,0.851807,-3.048889,-23.437135,23.308229,-0.486694,-19.532603,44.387603,-6.056397,2.416260,-5.021118,-7.549622,-44.015259,8.967890,70.179251
2025-10-03T11:20:39.208,0.200241,0.849426,-3.048340,-23.437135,23.309144,-0.486877,-19.573068,44.390438,-6.056397,2.416260,-5.021485,-7.549622,-44.015259,8.967019,70.179251
2025-10-03T11:20:39.208,0.200321,0.846497,-3.047058,-23.437135,23.309692,-0.486877,-19.617014,44.393272,-6.056397,2.416260,-5.021485,-7.549622,-44.015259,8.967454,70.180665
2025-10-03T11:20:39.218,0.209919,0.844299,-3.045593,-23.436951,23.310609,-0.486877,-19.666179,44.398945,-6.056397,2.416260,-5.021485,-7.549622,-44.015259,8.967454,70.180665
2025-10-03T11:20:39.228,0.220155,0.840454,-3.044312,-23.436585,23.312440,-0.487061,-19.720132,44.400362,-6.056397,2.416260,-5.021668,-7.549805,-44.015443,8.967019,70.180665
2025-10-03T11:20:39.228,0.220227,0.837891,-3.042481,-23.436402,23.313355,-0.487610,-19.778437,44.400362,-6.056397,2.416260,-5.021668,-7.549805,-44.015443,8.967454,70.182086
2025-10-03T11:20:39.237,0.229468,0.835144,-3.040650,-23.436035,23.313905,-0.488709,-19.837175,44.400362,-6.056397,2.416260,-5.021668,-7.549805,-44.015628,8.967019,70.182086
2025-10-03T11:20:39.239,0.230691,0.833313,-3.039551,-23.435670,23.315185,-0.490906,-19.902440,44.400362,-6.056397,2.416260,-5.021668,-7.549805,-44.015628,8.967454,70.183500
2025-10-03T11:20:39.239,0.230743,0.830933,-3.038452,-23.434570,23.316835,-0.492737,-19.970315,44.400362,-6.056397,2.416260,-5.021851,-7.549805,-44.015628,8.967454,70.183500
2025-10-03T11:20:39.247,0.239552,0.827820,-3.037354,-23.433472,23.319581,-0.495300,-20.036888,44.400362,-6.056397,2.416260,-5.021851,-7.549805,-44.015628,8.967454,70.183500
2025-10-03T11:20:39.259,0.250785,0.824341,-3.035706,-23.432374,23.322693,-0.497864,-20.107809,44.400362,-6.056397,2.416260,-5.022034,-7.549805,-44.015809,8.967454,70.184920
2025-10-03T11:20:39.259,0.250884,0.818665,-3.034424,-23.429262,23.331482,-0.503357,-20.257484,44.400362,-6.056397,2.416260,-5.022766,-7.549988,-44.015993,8.967454,70.186334
2025-10-03T11:20:39.259,0.250952,0.818665,-3.034424,-23.429262,23.331482,-0.503357,-20.257484,44.400362,-6.056397,2.416260,-5.022766,-7.549988,-44.015993,8.967454,70.186334
2025-10-03T11:20:39.267,0.259568,0.815735,-3.034241,-23.428162,23.336060,-0.505371,-20.335802,44.400362,-6.056397,2.416260,-5.023682,-7.550171,-44.015993,8.967454,70.186334
2025-10-03T11:20:39.279,0.270786,0.808594,-3.034241,-23.427247,23.344484,-0.508667,-20.500705,44.407448,-6.056397,2.416260,-5.025330,-7.550354,-44.015993,8.967454,70.187755
2025-10-03T11:20:39.279,0.270859,0.808594,-3.034241,-23.427247,23.344484,-0.508667,-20.500705,44.407448,-6.056397,2.416260,-5.025330,-7.550354,-44.015993,8.967454,70.187755
2025-10-03T11:20:39.287,0.279384,0.804199,-3.034241,-23.426881,23.349794,-0.509583,-20.587727,44.411700,-6.056397,2.416260,-5.026062,-7.550720,-44.015993,8.967454,70.189175
2025-10-03T11:20:39.287,0.279456,0.795044,-3.034058,-23.426697,23.357850,-0.511230,-20.772644,44.421624,-6.056213,2.416260,-5.026612,-7.551087,-44.015993,8.967454,70.190589
2025-10-03T11:20:39.298,0.289685,0.790283,-3.034058,-23.426514,23.362244,-0.512329,-20.874894,44.421624,-6.056213,2.416260,-5.026612,-7.551269,-44.016358,8.967454,70.190589
2025-10-03T11:20:39.298,0.289769,0.785339,-3.034241,-23.426149,23.366822,-0.512878,-20.981059,44.421624,-6.056213,2.416260,-5.026795,-7.551453,-44.016358,8.967454,70.190589
2025-10-03T11:20:39.308,0.299969,0.780029,-3.033875,-23.425599,23.371949,-0.513245,-21.093750,44.423042,-6.056213,2.416260,-5.027344,-7.551453,-44.016543,8.967454,70.192010
2025-10-03T11:20:39.308,0.300072,0.775818,-3.033508,-23.425233,23.376343,-0.513062,-21.214274,44.423042,-6.056213,2.416260,-5.027893,-7.551636,-44.016908,8.967454,70.192010
2025-10-03T11:20:39.317,0.309613,0.771423,-3.033508,-23.424684,23.380555,-0.513245,-21.340018,44.423042,-6.056213,2.416260,-5.028442,-7.551636,-44.017093,8.967454,70.193424
2025-10-03T11:20:39.318,0.309697,0.766846,-3.033508,-23.423768,23.384949,-0.513611,-21.468372,44.423042,-6.056213,2.416260,-5.028992,-7.551819,-44.017274,8.967454,70.193424
2025-10-03T11:20:39.327,0.319621,0.761719,-3.033142,-23.421753,23.388062,-0.514160,-21.606299,44.423042,-6.056397,2.416260,-5.029724,-7.552002,-44.017274,8.967454,70.193424
2025-10-03T11:20:39.328,0.319708,0.755859,-3.032593,-23.419923,23.391542,-0.515259,-21.749448,44.423042,-6.056580,2.416260,-5.031006,-7.552002,-44.017274,8.967454,70.194844
2025-10-03T11:20:39.337,0.329397,0.750549,-3.031677,-23.416078,23.395570,-0.517273,-21.896079,44.428714,-6.056580,2.416260,-5.032105,-7.552185,-44.017458,8.967454,70.194844
2025-10-03T11:20:39.337,0.329466,0.744873,-3.030395,-23.413147,23.398865,-0.520752,-22.044447,44.442890,-6.056580,2.416260,-5.032837,-7.552368,-44.017458,8.967454,70.196258
2025-10-03T11:20:39.348,0.339655,0.739746,-3.029480,-23.409119,23.403626,-0.523682,-22.202826,44.452811,-6.056580,2.416260,-5.033386,-7.552734,-44.017639,8.967890,70.196258
2025-10-03T11:20:39.348,0.339726,0.732971,-3.028748,-23.404176,23.408569,-0.527161,-22.361203,44.462735,-6.056580,2.416260,-5.033936,-7.553101,-44.017823,8.967454,70.196258
2025-10-03T11:20:39.358,0.349928,0.725647,-3.028015,-23.400513,23.412049,-0.529358,-22.534374,44.471239,-6.056580,2.416260,-5.034668,-7.553101,-44.018189,8.967454,70.197679
2025-10-03T11:20:39.358,0.350010,0.717590,-3.027100,-23.394655,23.415345,-0.532104,-22.697972,44.479746,-6.056580,2.416260,-5.035767,-7.553101,-44.018739,8.967454,70.197679
2025-10-03T11:20:39.367,0.359551,0.709900,-3.026367,-23.388062,23.420655,-0.533752,-22.868097,44.481163,-6.056580,2.416260,-5.037232,-7.553101,-44.019104,8.967454,70.199093
2025-10-03T11:20:39.368,0.359661,0.701294,-3.025452,-23.380738,23.425964,-0.534851,-23.031260,44.481163,-6.056580,2.416260,-5.038147,-7.553101,-44.019654,8.967890,70.200514
2025-10-03T11:20:39.378,0.369838,0.693604,-3.024536,-23.374878,23.430727,-0.535584,-23.218354,44.481163,-6.056580,2.416260,-5.038513,-7.553101,-44.020019,8.967890,70.201927
2025-10-03T11:20:39.378,0.369909,0.686096,-3.024170,-23.368654,23.433472,-0.535584,-23.396745,44.481163,-6.056580,2.416260,-5.038513,-7.553284,-44.020754,8.967890,70.203348
2025-10-03T11:20:39.387,0.379430,0.679138,-3.024353,-23.363526,23.437318,-0.535400,-23.576877,44.481163,-6.056580,2.416260,-5.038696,-7.553284,-44.021303,8.967890,70.204769
2025-10-03T11:20:39.387,0.379501,0.671448,-3.024170,-23.357850,23.440980,-0.535767,-23.759185,44.482580,-6.056580,2.416260,-5.038879,-7.553284,-44.021669,8.967890,70.204769
2025-10-03T11:20:39.398,0.389702,0.663574,-3.023804,-23.354005,23.444641,-0.536682,-23.944104,44.491087,-6.056580,2.416260,-5.039063,-7.553650,-44.022034,8.967890,70.206183
2025-10-03T11:20:39.398,0.389772,0.653320,-3.023621,-23.349794,23.448670,-0.536865,-24.132503,44.509515,-6.056580,2.416260,-5.039063,-7.553650,-44.022219,8.967890,70.207603
2025-10-03T11:20:39.408,0.399974,0.642883,-3.023071,-23.345399,23.451782,-0.537048,-24.323948,44.535033,-6.056580,2.416260,-5.039063,-7.553650,-44.022400,8.967890,70.209017
2025-10-03T11:20:39.408,0.400047,0.632263,-3.022522,-23.343201,23.455262,-0.537048,-24.519308,44.553461,-6.056580,2.416260,-5.039063,-7.554566,-44.022584,8.967890,70.210438
2025-10-03T11:20:39.417,0.409586,0.622742,-3.022156,-23.341371,23.457093,-0.536865,-24.719020,44.570471,-6.056580,2.416260,-5.039063,-7.555481,-44.022950,8.967890,70.210438
2025-10-03T11:20:39.418,0.409708,0.612854,-3.021790,-23.340271,23.459108,-0.536316,-24.924388,44.586064,-6.056397,2.416260,-5.039063,-7.556214,-44.023499,8.967890,70.211852
2025-10-03T11:20:39.428,0.419917,0.602966,-3.021790,-23.339173,23.459840,-0.535950,-25.132803,44.600241,-6.056397,2.416260,-5.039063,-7.556762,-44.024234,8.967890,70.213272
2025-10-03T11:20:39.428,0.419987,0.592346,-3.021423,-23.337525,23.460023,-0.535767,-25.344262,44.611582,-6.056397,2.416260,-5.039246,-7.557495,-44.024964,8.967890,70.213272
2025-10-03T11:20:39.437,0.429425,0.579163,-3.021057,-23.334412,23.460023,-0.536499,-25.553981,44.621506,-6.056580,2.416260,-5.039246,-7.558045,-44.025699,8.967890,70.214686
2025-10-03T11:20:39.437,0.429534,0.564514,-3.020874,-23.331665,23.460023,-0.537964,-25.768487,44.627175,-6.056580,2.416260,-5.039612,-7.558777,-44.026245,8.968324,70.216107
2025-10-03T11:20:39.448,0.439743,0.549683,-3.020874,-23.327637,23.460571,-0.538879,-25.983862,44.628593,-6.056763,2.416260,-5.039795,-7.560059,-44.026614,8.967890,70.217521
2025-10-03T11:20:39.448,0.439811,0.535034,-3.020874,-23.324159,23.460938,-0.539612,-26.200109,44.630010,-6.056763,2.416260,-5.039978,-7.561890,-44.026979,8.967890,70.218941
2025-10-03T11:20:39.458,0.449976,0.522217,-3.020874,-23.321411,23.460756,-0.539978,-26.417659,44.641351,-6.056763,2.416260,-5.039978,-7.563354,-44.027345,8.967890,70.218941
2025-10-03T11:20:39.458,0.450046,0.507019,-3.020874,-23.319948,23.460571,-0.539612,-26.641301,44.661197,-6.056580,2.416260,-5.039978,-7.565186,-44.028260,8.967454,70.220362
2025-10-03T11:20:39.467,0.459566,0.491272,-3.020874,-23.318116,23.460023,-0.538147,-26.869295,44.676790,-6.056580,2.416260,-5.039978,-7.568299,-44.029725,8.967890,70.220362
2025-10-03T11:20:39.479,0.470747,0.476074,-3.020874,-23.316650,23.457825,-0.536316,-27.097288,44.693800,-6.056580,2.416260,-5.039978,-7.570495,-44.031190,8.967890,70.221776
2025-10-03T11:20:39.479,0.470941,0.461792,-3.020874,-23.315918,23.455810,-0.535217,-27.321802,44.712232,-6.056580,2.416260,-5.039978,-7.573975,-44.032655,8.967890,70.223197
2025-10-03T11:20:39.479,0.471013,0.446960,-3.020874,-23.314820,23.454163,-0.535400,-27.546749,44.730660,-6.056397,2.416260,-5.039978,-7.576172,-44.034486,8.967890,70.223197
2025-10-03T11:20:39.487,0.479386,0.429016,-3.020874,-23.312622,23.454530,-0.535400,-27.776049,44.743418,-6.056397,2.416260,-5.039978,-7.579834,-44.037231,8.967890,70.224610
2025-10-03T11:20:39.497,0.489554,0.410889,-3.020874,-23.310242,23.455262,-0.535217,-28.008393,44.751922,-6.056580,2.416260,-5.040161,-7.582398,-44.039612,8.967890,70.224610
2025-10-03T11:20:39.497,0.489623,0.393677,-3.020874,-23.309327,23.455262,-0.535217,-28.242477,44.756177,-6.056580,2.416260,-5.040711,-7.585877,-44.043826,8.967890,70.224610
2025-10-03T11:20:39.508,0.499848,0.378479,-3.020874,-23.309510,23.455445,-0.534302,-28.482654,44.757594,-6.056580,2.416260,-5.041626,-7.588990,-44.048218,8.967019,70.226031
2025-10-03T11:20:39.508,0.499922,0.361816,-3.021057,-23.309692,23.455628,-0.533020,-28.727615,44.759012,-6.056580,2.416260,-5.041809,-7.593567,-44.051882,8.967019,70.226031
2025-10-03T11:20:39.517,0.509432,0.324646,-3.021240,-23.309327,23.454163,-0.532654,-29.219283,44.793033,-6.056580,2.416260,-5.041992,-7.603638,-44.060854,8.966149,70.227445
2025-10-03T11:20:39.517,0.509488,0.324646,-3.021240,-23.309327,23.454163,-0.532654,-29.219283,44.793033,-6.056580,2.416260,-5.041992,-7.603638,-44.060854,8.966149,70.227445
2025-10-03T11:20:39.529,0.520711,0.310730,-3.020691,-23.309327,23.454347,-0.533752,-29.465549,44.808626,-6.056580,2.416260,-5.043091,-7.608765,-44.064880,8.966149,70.227445
2025-10-03T11:20:39.529,0.520785,0.294983,-3.020874,-23.309327,23.455628,-0.534302,-29.712252,44.818550,-6.056397,2.416260,-5.043823,-7.614258,-44.069275,8.966149,70.227445
2025-10-03T11:20:39.537,0.529394,0.261475,-3.021240,-23.309327,23.456360,-0.534851,-30.208704,44.822802,-6.056213,2.416260,-5.044373,-7.623779,-44.078247,8.966149,70.228866
2025-10-03T11:20:39.537,0.529463,0.248291,-3.020508,-23.309327,23.457276,-0.532471,-30.458887,44.822802,-6.056213,2.416260,-5.044922,-7.628724,-44.081361,8.966149,70.228866
2025-10-03T11:20:39.548,0.539662,0.235107,-3.019592,-23.309327,23.456178,-0.528625,-30.708636,44.822802,-6.056030,2.416260,-5.045288,-7.633484,-44.084291,8.965714,70.228866
2025-10-03T11:20:39.548,0.539743,0.218079,-3.018860,-23.308777,23.451782,-0.527161,-30.954035,44.822802,-6.055847,2.416260,-5.045471,-7.638977,-44.085572,8.965714,70.228866
2025-10-03T11:20:39.558,0.549953,0.199585,-3.018860,-23.308412,23.450317,-0.525147,-31.199867,44.822802,-6.055664,2.416260,-5.045471,-7.644104,-44.086306,8.965279,70.228866
2025-10-03T11:20:39.558,0.550018,0.199585,-3.018860,-23.308412,23.450317,-0.525147,-31.199867,44.822802,-6.055664,2.416260,-5.045471,-7.644104,-44.086306,8.965279,70.228866
2025-10-03T11:20:39.567,0.559569,0.167175,-3.019775,-23.307496,23.451600,-0.525879,-31.686310,44.831309,-6.055847,2.416260,-5.046204,-7.652710,-44.089602,8.965714,70.228866
2025-10-03T11:20:39.567,0.559639,0.150696,-3.019959,-23.308777,23.451782,-0.526245,-31.932579,44.838396,-6.055847,2.416260,-5.046570,-7.656739,-44.091067,8.965714,70.230279
2025-10-03T11:20:39.578,0.569803,0.132202,-3.019592,-23.310609,23.451967,-0.524780,-32.181457,44.838396,-6.055847,2.416260,-5.047302,-7.660034,-44.092163,8.965714,70.230279
2025-10-03T11:20:39.578,0.569873,0.115906,-3.019226,-23.312073,23.451417,-0.523315,-32.431207,44.838396,-6.056030,2.416077,-5.048218,-7.663147,-44.093263,8.966149,70.230279
2025-10-03T11:20:39.587,0.579400,0.101807,-3.019409,-23.313355,23.450317,-0.522949,-32.676168,44.838396,-6.056030,2.415710,-5.048767,-7.666260,-44.094178,8.965714,70.231700
2025-10-03T11:20:39.587,0.579467,0.087524,-3.019409,-23.313905,23.449402,-0.523682,-32.917649,44.838396,-6.056030,2.415710,-5.048767,-7.668824,-44.095093,8.965714,70.231700
2025-10-03T11:20:39.598,0.589670,0.072693,-3.019775,-23.313722,23.449037,-0.523682,-33.159131,44.838396,-6.056030,2.415894,-5.048767,-7.672119,-44.095828,8.965714,70.231700
2025-10-03T11:20:39.598,0.589737,0.058960,-3.019959,-23.312805,23.449037,-0.522949,-33.401049,44.838396,-6.056030,2.415894,-5.049316,-7.675049,-44.096558,8.965714,70.231700
2025-10-03T11:20:39.608,0.599959,0.046692,-3.019959,-23.313355,23.449037,-0.522217,-33.642530,44.838396,-6.056213,2.415894,-5.050049,-7.677246,-44.097658,8.965714,70.231700
2025-10-03T11:20:39.608,0.600031,0.036621,-3.019409,-23.315003,23.449037,-0.520935,-33.885750,44.838396,-6.056030,2.416077,-5.050232,-7.679260,-44.099673,8.965714,70.231700
2025-10-03T11:20:39.617,0.609546,0.027100,-3.019226,-23.316468,23.448854,-0.518188,-34.128973,44.838396,-6.055847,2.416077,-5.050232,-7.680543,-44.102600,8.966149,70.231700
2025-10-03T11:20:39.617,0.609614,0.017944,-3.019226,-23.317750,23.447754,-0.515625,-34.370454,44.838396,-6.055847,2.416077,-5.050049,-7.682190,-44.105165,8.966149,70.231700
2025-10-03T11:20:39.628,0.619788,0.007324,-3.019226,-23.318665,23.446656,-0.513611,-34.603671,44.838396,-6.055847,2.416077,-5.050415,-7.685120,-44.108095,8.965279,70.231700
2025-10-03T11:20:39.628,0.619858,-0.002197,-3.019226,-23.318298,23.446656,-0.513428,-34.834276,44.838396,-6.056030,2.416077,-5.050415,-7.687134,-44.110840,8.964844,70.231700
2025-10-03T11:20:39.637,0.629390,-0.008057,-3.019226,-23.317566,23.447937,-0.514160,-35.066618,44.838396,-6.056213,2.416077,-5.050781,-7.689514,-44.114686,8.964844,70.231700
2025-10-03T11:20:39.637,0.629460,-0.012451,-3.019043,-23.318116,23.448487,-0.514710,-35.295484,44.838396,-6.056030,2.416077,-5.051514,-7.692444,-44.118166,8.963974,70.231700
2025-10-03T11:20:39.648,0.639666,-0.017578,-3.019043,-23.319398,23.448487,-0.514710,-35.527827,44.838396,-6.055847,2.416077,-5.052246,-7.696290,-44.121461,8.963974,70.231700
2025-10-03T11:20:39.648,0.639743,-0.022522,-3.019409,-23.320130,23.448670,-0.513428,-35.761477,44.838396,-6.055847,2.416077,-5.052796,-7.699585,-44.126038,8.963974,70.231700
2025-10-03T11:20:39.658,0.649947,-0.026367,-3.019409,-23.320863,23.448304,-0.512512,-35.993386,44.838396,-6.055847,2.415710,-5.053528,-7.703980,-44.130617,8.963538,70.231700
2025-10-03T11:20:39.658,0.650011,-0.027832,-3.018860,-23.321961,23.447389,-0.512329,-36.220944,44.838396,-6.056030,2.415710,-5.054626,-7.709106,-44.134278,8.963538,70.231700
2025-10-03T11:20:39.667,0.659529,-0.027832,-3.018677,-23.322693,23.446656,-0.513245,-36.444151,44.838396,-6.055847,2.415710,-5.055359,-7.714233,-44.139039,8.963104,70.231700
2025-10-03T11:20:39.667,0.659596,-0.027649,-3.019226,-23.322328,23.446839,-0.513977,-36.664312,44.838396,-6.055847,2.415894,-5.055542,-7.719910,-44.143434,8.963104,70.231700
2025-10-03T11:20:39.679,0.670892,-0.027649,-3.019226,-23.322144,23.447937,-0.514160,-36.884039,44.838396,-6.056030,2.415894,-5.056092,-7.725403,-44.147829,8.963104,70.231700
2025-10-03T11:20:39.679,0.670986,-0.027283,-3.018860,-23.322328,23.448487,-0.514160,-37.101591,44.838396,-6.055847,2.416077,-5.056824,-7.730530,-44.151125,8.962668,70.231700
2025-10-03T11:20:39.687,0.679397,-0.025085,-3.018677,-23.322693,23.448487,-0.513977,-37.316967,44.838396,-6.055664,2.416077,-5.057739,-7.734925,-44.154420,8.962668,70.231700
2025-10-03T11:20:39.687,0.679463,-0.022339,-3.018860,-23.323426,23.448670,-0.513428,-37.548876,44.838396,-6.055664,2.416077,-5.058655,-7.738953,-44.156616,8.962668,70.231700
2025-10-03T11:20:39.697,0.689632,-0.020691,-3.018128,-23.324891,23.447754,-0.513245,-37.762948,44.838396,-6.055847,2.416077,-5.058838,-7.742615,-44.158997,8.962233,70.231700
2025-10-03T11:20:39.698,0.689692,-0.018127,-3.017944,-23.326172,23.446839,-0.513062,-37.972666,44.838396,-6.055664,2.416077,-5.059204,-7.745178,-44.160646,8.962233,70.231700
2025-10-03T11:20:39.708,0.699851,-0.015564,-3.017944,-23.326904,23.446106,-0.513794,-38.166288,44.838396,-6.055664,2.416077,-5.059571,-7.746826,-44.161012,8.962233,70.233114
2025-10-03T11:20:39.708,0.700016,-0.012085,-3.017944,-23.327089,23.446106,-0.514526,-38.371221,44.838396,-6.055847,2.416077,-5.060669,-7.748474,-44.161012,8.962233,70.233114
2025-10-03T11:20:39.717,0.709528,-0.010071,-3.017578,-23.327454,23.447389,-0.514710,-38.592252,44.838396,-6.055847,2.416077,-5.061951,-7.749573,-44.161012,8.962233,70.233114
2025-10-03T11:20:39.729,0.720713,-0.008057,-3.017578,-23.328187,23.447937,-0.514526,-38.799795,44.838396,-6.055847,2.416260,-5.062866,-7.750489,-44.161012,8.962233,70.233114
2025-10-03T11:20:39.729,0.720785,-0.005310,-3.017212,-23.329652,23.448121,-0.514526,-39.006469,44.838396,-6.055847,2.416260,-5.063416,-7.751221,-44.161012,8.962233,70.233114
2025-10-03T11:20:39.729,0.720851,-0.003845,-3.017029,-23.331849,23.448121,-0.514160,-39.220104,44.838396,-6.055847,2.416260,-5.063965,-7.751953,-44.161012,8.962233,70.233114
2025-10-03T11:20:39.737,0.729441,-0.002563,-3.016296,-23.334412,23.447937,-0.513245,-39.436348,44.838396,-6.055847,2.416260,-5.064331,-7.752869,-44.161012,8.961798,70.233114
2025-10-03T11:20:39.748,0.739674,-0.001099,-3.015381,-23.338440,23.446839,-0.512329,-39.651290,44.838396,-6.055847,2.416260,-5.064514,-7.754517,-44.161012,8.961798,70.233114
2025-10-03T11:20:39.748,0.739755,-0.001099,-3.014465,-23.341919,23.446106,-0.512329,-39.865359,44.838396,-6.055664,2.416260,-5.064881,-7.755982,-44.161012,8.962233,70.233114
2025-10-03T11:20:39.758,0.749947,-0.001282,-3.013000,-23.344849,23.445924,-0.512695,-40.081169,44.838396,-6.055664,2.416260,-5.065613,-7.757080,-44.161012,8.962233,70.233114
2025-10-03T11:20:39.758,0.750019,-0.001282,-3.011902,-23.348512,23.446289,-0.512695,-40.297416,44.838396,-6.055664,2.416260,-5.066345,-7.758179,-44.161012,8.962233,70.233114
2025-10-03T11:20:39.767,0.759551,-0.001648,-3.010986,-23.351257,23.447389,-0.512878,-40.514968,44.838396,-6.055481,2.416077,-5.066895,-7.759094,-44.161012,8.962233,70.233114
2025-10-03T11:20:39.767,0.759618,-0.002380,-3.010071,-23.354187,23.447754,-0.513062,-40.731649,44.838396,-6.055481,2.416077,-5.067444,-7.760010,-44.161196,8.962233,70.233114
2025-10-03T11:20:39.778,0.769809,-0.002930,-3.008972,-23.356568,23.447754,-0.513062,-40.952680,44.838396,-6.055481,2.415894,-5.067810,-7.760925,-44.161196,8.962233,70.233114
2025-10-03T11:20:39.778,0.769880,-0.004028,-3.005860,-23.362428,23.446839,-0.511963,-41.398661,44.838396,-6.055481,2.415344,-5.067993,-7.762757,-44.161196,8.962233,70.233114
2025-10-03T11:20:39.787,0.779431,-0.004395,-3.004578,-23.363709,23.446289,-0.511780,-41.617080,44.838396,-6.055664,2.415344,-5.068176,-7.763856,-44.161196,8.962233,70.233114
2025-10-03T11:20:39.787,0.779498,-0.004578,-3.003845,-23.363891,23.445924,-0.511963,-41.834198,44.838396,-6.055664,2.415344,-5.068176,-7.766236,-44.161196,8.962233,70.233114
2025-10-03T11:20:39.798,0.789674,-0.004578,-3.003479,-23.363343,23.446106,-0.511963,-42.050008,44.838396,-6.055664,2.415344,-5.068359,-7.768250,-44.161196,8.962233,70.233114
2025-10-03T11:20:39.798,0.789746,-0.004578,-3.002930,-23.362794,23.447204,-0.511780,-42.270169,44.838396,-6.055664,2.415344,-5.068543,-7.769715,-44.161561,8.962233,70.233114
2025-10-03T11:20:39.808,0.799947,-0.004578,-3.002930,-23.362794,23.447204,-0.511780,-42.270169,44.838396,-6.055664,2.415344,-5.068543,-7.769715,-44.161561,8.962233,70.233114
2025-10-03T11:20:39.808,0.800081,-0.004944,-3.000366,-23.362611,23.448670,-0.511780,-42.713975,44.838396,-6.055664,2.415710,-5.068543,-7.773926,-44.162111,8.962233,70.233114
2025-10-03T11:20:39.818,0.809747,-0.005127,-2.998901,-23.362976,23.449037,-0.511414,-42.944579,44.838396,-6.055664,2.415710,-5.068543,-7.775574,-44.162661,8.962668,70.233114
2025-10-03T11:20:39.818,0.809837,-0.005127,-2.997437,-23.362794,23.448670,-0.511230,-43.177792,44.839813,-6.055664,2.415894,-5.068543,-7.778137,-44.163392,8.962668,70.233114
2025-10-03T11:20:39.828,0.819835,-0.005127,-2.995422,-23.362428,23.447389,-0.511230,-43.409267,44.842647,-6.055664,2.415894,-5.068543,-7.780152,-44.164126,8.962668,70.233114
2025-10-03T11:20:39.828,0.819915,-0.004944,-2.993225,-23.361146,23.446289,-0.511780,-43.639001,44.844068,-6.055847,2.416077,-5.068726,-7.781983,-44.165222,8.962668,70.233114
2025-10-03T11:20:39.837,0.829413,-0.004944,-2.991760,-23.359131,23.446474,-0.512512,-43.870039,44.845485,-6.055847,2.416077,-5.068909,-7.784546,-44.166138,8.962668,70.233114
2025-10-03T11:20:39.837,0.829485,-0.005493,-2.989380,-23.357483,23.448304,-0.512878,-44.104560,44.845485,-6.055847,2.416077,-5.069092,-7.786377,-44.167237,8.962668,70.233114
2025-10-03T11:20:39.848,0.839672,-0.006409,-2.986817,-23.356568,23.449219,-0.512512,-44.340386,44.845485,-6.055847,2.416077,-5.069275,-7.787292,-44.168887,8.962668,70.233114
2025-10-03T11:20:39.848,0.839744,-0.007874,-2.984619,-23.356018,23.449402,-0.511963,-44.579692,44.845485,-6.055847,2.416077,-5.069275,-7.787842,-44.171632,8.962668,70.233114
2025-10-03T11:20:39.858,0.849925,-0.008972,-2.981690,-23.356018,23.449402,-0.511047,-44.823782,44.845485,-6.055481,2.416077,-5.069458,-7.788209,-44.173463,8.962668,70.233114
2025-10-03T11:20:39.858,0.849998,-0.010071,-2.979126,-23.356018,23.448121,-0.510681,-45.070923,44.846903,-6.055481,2.416077,-5.069824,-7.788391,-44.175478,8.962668,70.233114
2025-10-03T11:20:39.867,0.859559,-0.011536,-2.975647,-23.355103,23.445924,-0.510498,-45.313275,44.852572,-6.055481,2.416077,-5.070374,-7.788391,-44.178039,8.962233,70.233114
2025-10-03T11:20:39.867,0.859631,-0.015015,-2.973999,-23.352357,23.444641,-0.510864,-45.552581,44.859661,-6.055481,2.416077,-5.071839,-7.788575,-44.180054,8.962233,70.233114
2025-10-03T11:20:39.878,0.869786,-0.017944,-2.972168,-23.348329,23.444459,-0.510864,-45.797108,44.863913,-6.055481,2.416077,-5.073303,-7.788575,-44.184084,8.962233,70.233114
2025-10-03T11:20:39.878,0.869854,-0.021790,-2.970154,-23.343568,23.445374,-0.510681,-46.044245,44.866748,-6.055481,2.416077,-5.074768,-7.788758,-44.187929,8.962233,70.233114
2025-10-03T11:20:39.887,0.879383,-0.026001,-2.968689,-23.339173,23.445924,-0.510315,-46.296603,44.866748,-6.055481,2.416077,-5.076599,-7.789490,-44.191775,8.961798,70.233114
2025-10-03T11:20:39.887,0.879455,-0.029297,-2.967224,-23.334778,23.446656,-0.509216,-46.553750,44.866748,-6.055481,2.416077,-5.078614,-7.790223,-44.196901,8.961798,70.233114
2025-10-03T11:20:39.897,0.889629,-0.033325,-2.965942,-23.331849,23.446474,-0.507202,-46.817422,44.869582,-6.055481,2.416077,-5.079712,-7.790955,-44.201296,8.961363,70.233114
2025-10-03T11:20:39.898,0.889691,-0.039001,-2.964844,-23.327454,23.445557,-0.505188,-47.078482,44.875255,-6.055481,2.415710,-5.080811,-7.791870,-44.204407,8.960928,70.233114
2025-10-03T11:20:39.908,0.899832,-0.045044,-2.964111,-23.321046,23.445009,-0.504272,-47.336933,44.886593,-6.055481,2.415344,-5.082092,-7.792969,-44.208437,8.960493,70.233114
2025-10-03T11:20:39.908,0.899892,-0.051819,-2.963928,-23.313172,23.445009,-0.503906,-47.598431,44.902186,-6.055481,2.415344,-5.084290,-7.794251,-44.210998,8.960493,70.233114
2025-10-03T11:20:39.917,0.909376,-0.059509,-2.963745,-23.304566,23.445741,-0.503357,-47.861666,44.920617,-6.055481,2.415344,-5.085938,-7.795899,-44.213198,8.960057,70.233114
2025-10-03T11:20:39.917,0.909435,-0.068665,-2.963745,-23.296326,23.445741,-0.502258,-48.131865,44.931959,-6.055298,2.415344,-5.087402,-7.796814,-44.214663,8.960057,70.233114
2025-10-03T11:20:39.928,0.920036,-0.077820,-2.963745,-23.289552,23.445374,-0.498779,-48.406415,44.939045,-6.055298,2.415527,-5.089234,-7.797364,-44.215943,8.959623,70.233114
2025-10-03T11:20:39.937,0.929419,-0.092651,-2.963745,-23.280579,23.443361,-0.492920,-48.949855,44.940462,-6.055298,2.415344,-5.091431,-7.798829,-44.217593,8.959623,70.233114
2025-10-03T11:20:39.937,0.929488,-0.101257,-2.963745,-23.275635,23.442811,-0.491089,-49.215703,44.943297,-6.055298,2.415344,-5.091797,-7.799378,-44.217774,8.959187,70.233114
2025-10-03T11:20:39.948,0.939694,-0.109680,-2.963562,-23.270325,23.443176,-0.489075,-49.483727,44.948969,-6.055664,2.415344,-5.092529,-7.800110,-44.217774,8.959187,70.233114
2025-10-03T11:20:39.948,0.939862,-0.120483,-2.963379,-23.264099,23.444276,-0.487427,-49.756535,44.953221,-6.055664,2.415344,-5.093628,-7.801025,-44.217774,8.958752,70.233114
2025-10-03T11:20:39.958,0.950044,-0.132751,-2.962647,-23.260071,23.444641,-0.485962,-50.035872,44.958890,-6.055664,2.415527,-5.095642,-7.801758,-44.217774,8.958752,70.233114
2025-10-03T11:20:39.958,0.950119,-0.148132,-2.962097,-23.256043,23.444459,-0.483215,-50.320862,44.960308,-6.055664,2.415710,-5.096924,-7.802124,-44.217958,8.958752,70.233114
2025-10-03T11:20:39.968,0.959669,-0.162415,-2.961731,-23.251282,23.442628,-0.480835,-50.604551,44.964563,-6.055664,2.415894,-5.098022,-7.802491,-44.218139,8.958752,70.233114
2025-10-03T11:20:39.968,0.959740,-0.175415,-2.961548,-23.248352,23.439148,-0.479919,-50.880405,44.965980,-6.055664,2.415894,-5.098938,-7.802673,-44.218324,8.958317,70.233114
2025-10-03T11:20:39.978,0.969903,-0.188782,-2.961548,-23.244691,23.437500,-0.480103,-51.154955,44.965980,-6.055847,2.415894,-5.100220,-7.803223,-44.218689,8.958317,70.233114
2025-10-03T11:20:39.978,0.969972,-0.202515,-2.961548,-23.240113,23.437135,-0.480103,-51.432550,44.967397,-6.055664,2.415894,-5.101868,-7.803223,-44.218873,8.958317,70.233114
2025-10-03T11:20:39.987,0.979401,-0.218262,-2.961365,-23.236633,23.436951,-0.479736,-51.715365,44.970232,-6.055847,2.415894,-5.103333,-7.803406,-44.219058,8.958317,70.233114
2025-10-03T11:20:39.987,0.979469,-0.233643,-2.960266,-23.233887,23.437318,-0.476807,-52.004275,44.970232,-6.055847,2.415894,-5.105713,-7.803406,-44.219423,8.958317,70.234535
2025-10-03T11:20:39.998,0.989688,-0.248474,-2.958801,-23.233522,23.436402,-0.472229,-52.294486,44.974484,-6.055847,2.415894,-5.109375,-7.803406,-44.219973,8.958317,70.234535
2025-10-03T11:20:39.998,0.989762,-0.262207,-2.958069,-23.233887,23.433472,-0.467651,-52.579042,44.984408,-6.055847,2.415894,-5.113220,-7.803406,-44.220704,8.958317,70.234535
2025-10-03T11:20:40.007,0.999197,-0.277771,-2.957703,-23.233338,23.432007,-0.462891,-52.856638,44.992915,-6.055664,2.416077,-5.115967,-7.803772,-44.221254,8.958317,70.234535
2025-10-03T11:20:40.007,0.999259,-0.295349,-2.957703,-23.231324,23.432190,-0.459412,-53.136843,44.995749,-6.055847,2.416077,-5.119812,-7.803956,-44.221619,8.958317,70.234535
2025-10-03T11:20:40.018,1.009787,-0.312195,-2.956604,-23.228760,23.433107,-0.456116,-53.420532,44.995749,-6.056030,2.416077,-5.122559,-7.804138,-44.221985,8.958317,70.234535
2025-10-03T11:20:40.018,1.009847,-0.326843,-2.953857,-23.227844,23.433838,-0.450623,-53.709438,44.995749,-6.056030,2.416077,-5.125488,-7.804138,-44.222534,8.958317,70.234535
2025-10-03T11:20:40.028,1.020046,-0.342041,-2.951660,-23.227844,23.433838,-0.442932,-54.002696,44.998584,-6.056030,2.416077,-5.126953,-7.804138,-44.223269,8.958317,70.234535
2025-10-03T11:20:40.028,1.020121,-0.359253,-2.950012,-23.227844,23.432190,-0.434692,-54.289431,45.008508,-6.056030,2.416077,-5.127686,-7.804322,-44.224000,8.958317,70.234535
2025-10-03T11:20:40.037,1.029397,-0.377563,-2.948547,-23.226564,23.430177,-0.426270,-54.567894,45.024102,-6.056030,2.415894,-5.128052,-7.804322,-44.224549,8.958317,70.234535
2025-10-03T11:20:40.037,1.029468,-0.394043,-2.947632,-23.223634,23.429262,-0.418579,-54.845056,45.045364,-6.056397,2.415527,-5.128967,-7.804505,-44.224915,8.958317,70.234535
2025-10-03T11:20:40.048,1.039669,-0.410889,-2.946533,-23.221071,23.430177,-0.412170,-55.123086,45.060957,-6.056397,2.415344,-5.130798,-7.804505,-44.225099,8.958317,70.235955
2025-10-03T11:20:40.048,1.039735,-0.429749,-2.945069,-23.218140,23.430909,-0.404663,-55.405467,45.069464,-6.056213,2.415344,-5.131897,-7.804688,-44.225099,8.958317,70.235955
2025-10-03T11:20:40.058,1.049896,-0.447876,-2.943604,-23.216858,23.430727,-0.394775,-55.709601,45.069464,-6.056213,2.415527,-5.132630,-7.805054,-44.225099,8.958752,70.235955
2025-10-03T11:20:40.058,1.049971,-0.462891,-2.941956,-23.216858,23.427614,-0.384155,-55.988939,45.069464,-6.056213,2.415527,-5.132812,-7.805603,-44.225099,8.958752,70.237369
2025-10-03T11:20:40.067,1.059470,-0.478088,-2.940674,-23.216493,23.424134,-0.372253,-56.260442,45.076551,-6.056213,2.415527,-5.132812,-7.806152,-44.225099,8.958752,70.237369
2025-10-03T11:20:40.067,1.059529,-0.494934,-2.939942,-23.214662,23.421388,-0.361633,-56.528466,45.090727,-6.056030,2.415527,-5.132812,-7.807068,-44.225099,8.958752,70.237369
2025-10-03T11:20:40.079,1.070688,-0.512695,-2.939392,-23.210267,23.421021,-0.350281,-56.801274,45.106320,-6.056030,2.415527,-5.132812,-7.807984,-44.225099,8.958752,70.237369
2025-10-03T11:20:40.079,1.070752,-0.529724,-2.937927,-23.204407,23.421388,-0.338196,-57.078433,45.124751,-6.056213,2.415527,-5.132996,-7.808899,-44.225284,8.958752,70.237369
2025-10-03T11:20:40.087,1.079364,-0.545105,-2.934814,-23.202026,23.421021,-0.324829,-57.360817,45.137507,-6.056213,2.415710,-5.132996,-7.809449,-44.225465,8.958752,70.238790
2025-10-03T11:20:40.087,1.079423,-0.560669,-2.932068,-23.200013,23.419373,-0.310364,-57.644939,45.146014,-6.056030,2.415710,-5.132996,-7.809631,-44.225649,8.958752,70.238790
2025-10-03T11:20:40.097,1.089592,-0.577881,-2.929321,-23.197633,23.414063,-0.294983,-57.921664,45.150265,-6.056030,2.415894,-5.132996,-7.809815,-44.225830,8.958752,70.238790
2025-10-03T11:20:40.098,1.089651,-0.594543,-2.927674,-23.192872,23.408754,-0.280151,-58.190992,45.150265,-6.056213,2.415710,-5.132996,-7.810364,-44.226014,8.958752,70.238790
2025-10-03T11:20:40.107,1.099545,-0.609009,-2.924744,-23.187929,23.404541,-0.266418,-58.460320,45.151683,-6.056397,2.415527,-5.133362,-7.810730,-44.226014,8.958752,70.238790
2025-10-03T11:20:40.118,1.110119,-0.639038,-2.918884,-23.173280,23.401063,-0.241150,-59.005499,45.161607,-6.056213,2.415894,-5.133728,-7.811829,-44.226014,8.958752,70.240204
2025-10-03T11:20:40.118,1.110178,-0.655701,-2.916321,-23.166871,23.398498,-0.224670,-59.284403,45.167276,-6.056397,2.415894,-5.133728,-7.812744,-44.226014,8.958752,70.240204
2025-10-03T11:20:40.128,1.120370,-0.671448,-2.913757,-23.160463,23.394105,-0.206360,-59.558082,45.172948,-6.056580,2.415527,-5.133728,-7.813660,-44.226014,8.958752,70.240204
2025-10-03T11:20:40.128,1.120436,-0.684265,-2.911560,-23.154970,23.387514,-0.189331,-59.822191,45.180035,-6.056580,2.415344,-5.134094,-7.814026,-44.226014,8.958752,70.240204
2025-10-03T11:20:40.138,1.130342,-0.695984,-2.911011,-23.148011,23.382203,-0.174683,-60.081506,45.180035,-6.056397,2.415344,-5.134094,-7.814576,-44.226199,8.958752,70.240204
2025-10-03T11:20:40.138,1.130403,-0.709900,-2.910828,-23.141053,23.378175,-0.159119,-60.343007,45.180035,-6.056397,2.415527,-5.134094,-7.815308,-44.226199,8.958752,70.241624
2025-10-03T11:20:40.147,1.139588,-0.725098,-2.910095,-23.132813,23.375428,-0.143738,-60.608414,45.182869,-6.056397,2.415710,-5.134278,-7.816040,-44.226199,8.958752,70.241624
2025-10-03T11:20:40.148,1.139648,-0.738831,-2.908081,-23.125123,23.374330,-0.125061,-60.879484,45.185707,-6.056397,2.415710,-5.134644,-7.816406,-44.226380,8.958752,70.241624
2025-10-03T11:20:40.158,1.149845,-0.750732,-2.906250,-23.119813,23.373780,-0.105835,-61.151428,45.191376,-6.056213,2.415710,-5.134644,-7.816406,-44.226564,8.958752,70.241624
2025-10-03T11:20:40.158,1.149917,-0.761169,-2.905335,-23.114137,23.371949,-0.083862,-61.419445,45.201301,-6.056030,2.415710,-5.134461,-7.816406,-44.226745,8.958752,70.241624
2025-10-03T11:20:40.167,1.159458,-0.772705,-2.904785,-23.107362,23.369019,-0.060608,-61.679641,45.209804,-6.055847,2.415710,-5.134644,-7.816590,-44.226930,8.958752,70.241624
2025-10-03T11:20:40.167,1.159529,-0.785523,-2.904419,-23.098390,23.368104,-0.038452,-61.937221,45.215477,-6.056213,2.415710,-5.134644,-7.816772,-44.226930,8.958752,70.241624
2025-10-03T11:20:40.179,1.170697,-0.797791,-2.903504,-23.087769,23.368654,-0.015381,-62.192192,45.215477,-6.056580,2.415710,-5.134827,-7.816956,-44.226930,8.958752,70.241624
2025-10-03T11:20:40.179,1.170768,-0.807129,-2.901123,-23.077515,23.369569,0.008606,-62.447156,45.215477,-6.056580,2.415710,-5.135193,-7.816956,-44.226930,8.958752,70.243038
2025-10-03T11:20:40.187,1.179380,-0.815552,-2.899109,-23.069275,23.370302,0.034424,-62.704736,45.216894,-6.056580,2.415894,-5.135559,-7.816956,-44.227114,8.958752,70.243038
2025-10-03T11:20:40.187,1.179448,-0.823975,-2.898193,-23.060121,23.370117,0.062622,-62.961886,45.221146,-6.056397,2.415894,-5.135376,-7.817505,-44.227114,8.958752,70.243038
2025-10-03T11:20:40.198,1.189657,-0.831116,-2.897644,-23.051332,23.368654,0.090637,-63.210327,45.229653,-6.056580,2.415710,-5.135193,-7.818055,-44.227114,8.958752,70.243038
2025-10-03T11:20:40.198,1.189738,-0.839722,-2.896912,-23.041078,23.367921,0.118652,-63.448762,45.238156,-6.056580,2.415710,-5.135742,-7.818970,-44.227114,8.958752,70.244459
2025-10-03T11:20:40.208,1.199960,-0.848328,-2.894898,-23.029542,23.367737,0.146118,-63.683721,45.245246,-6.056580,2.415710,-5.136292,-7.819519,-44.227114,8.958752,70.244459
2025-10-03T11:20:40.208,1.200032,-0.857117,-2.893250,-23.017273,23.368469,0.173584,-63.917805,45.245246,-6.056763,2.415710,-5.136658,-7.820252,-44.227114,8.958752,70.244459
2025-10-03T11:20:40.217,1.209627,-0.864807,-2.891236,-23.005189,23.368654,0.200867,-64.150585,45.246663,-6.056580,2.415710,-5.136658,-7.820618,-44.227114,8.958317,70.245873
2025-10-03T11:20:40.218,1.209709,-0.871582,-2.888672,-22.994385,23.368654,0.230530,-64.387715,45.248081,-6.056580,2.415710,-5.136658,-7.820801,-44.227114,8.958752,70.245873
2025-10-03T11:20:40.228,1.219939,-0.876160,-2.887207,-22.984314,23.368469,0.261108,-64.626587,45.255167,-6.056580,2.415710,-5.136475,-7.820801,-44.227295,8.958752,70.245873
2025-10-03T11:20:40.228,1.220027,-0.879822,-2.886108,-22.974427,23.367921,0.291321,-64.862844,45.267926,-6.056580,2.415710,-5.136658,-7.820618,-44.227480,8.958752,70.245873
2025-10-03T11:20:40.237,1.229438,-0.883301,-2.883362,-22.962526,23.367371,0.322266,-65.091272,45.292026,-6.056580,2.415710,-5.136658,-7.820801,-44.227480,8.958752,70.245873
2025-10-03T11:20:40.237,1.229511,-0.886597,-2.880981,-22.949342,23.367004,0.352295,-65.315788,45.318961,-6.056580,2.415710,-5.136658,-7.820801,-44.227480,8.958752,70.247294
2025-10-03T11:20:40.248,1.239865,-0.888794,-2.878601,-22.934327,23.367004,0.383057,-65.542038,45.348730,-6.056580,2.415710,-5.136658,-7.820801,-44.227664,8.958752,70.247294
2025-10-03T11:20:40.248,1.239954,-0.890259,-2.875671,-22.920228,23.367004,0.415283,-65.766553,45.375662,-6.056580,2.415894,-5.137024,-7.820801,-44.227664,8.958752,70.247294
2025-10-03T11:20:40.258,1.250139,-0.891541,-2.872925,-22.906312,23.366639,0.447876,-65.990631,45.404014,-6.056580,2.415894,-5.137024,-7.820801,-44.227664,8.958752,70.247294
2025-10-03T11:20:40.258,1.250220,-0.892090,-2.870178,-22.892212,23.366456,0.481934,-66.216881,45.430949,-6.056580,2.415894,-5.137024,-7.820801,-44.227664,8.958752,70.248714
2025-10-03T11:20:40.268,1.259786,-0.891541,-2.868347,-22.876465,23.366456,0.519104,-66.446614,45.459301,-6.056580,2.415894,-5.137024,-7.820984,-44.227664,8.958752,70.248714
2025-10-03T11:20:40.268,1.259859,-0.891174,-2.863953,-22.860168,23.365906,0.554260,-66.672004,45.486236,-6.056580,2.415894,-5.137024,-7.821167,-44.227664,8.958752,70.250128
2025-10-03T11:20:40.278,1.270034,-0.890625,-2.858460,-22.842956,23.364991,0.587952,-66.887373,45.517422,-6.056397,2.415894,-5.137024,-7.821350,-44.227664,8.958752,70.251549
2025-10-03T11:20:40.278,1.270108,-0.889343,-2.853150,-22.826661,23.363343,0.620178,-67.100140,45.548609,-6.056397,2.415894,-5.137024,-7.821533,-44.227664,8.958752,70.251549
2025-10-03T11:20:40.287,1.279441,-0.888794,-2.846375,-22.809632,23.362428,0.652039,-67.315954,45.575544,-6.056580,2.415894,-5.137207,-7.821533,-44.227664,8.958752,70.251549
2025-10-03T11:20:40.298,1.289680,-0.888611,-2.838867,-22.792603,23.361328,0.684448,-67.529151,45.603896,-6.056763,2.415710,-5.137574,-7.821533,-44.227845,8.958752,70.252963
2025-10-03T11:20:40.298,1.289752,-0.888245,-2.830261,-22.776673,23.358398,0.715210,-67.742349,45.632248,-6.056763,2.415527,-5.138123,-7.821533,-44.227845,8.958752,70.252963
2025-10-03T11:20:40.308,1.299937,-0.887878,-2.822205,-22.763489,23.355285,0.749268,-67.958600,45.659183,-6.056763,2.415527,-5.138306,-7.821533,-44.227845,8.958752,70.254383
2025-10-03T11:20:40.308,1.300007,-0.887878,-2.813599,-22.749024,23.351442,0.781494,-68.178327,45.687532,-6.056763,2.415527,-5.138489,-7.821717,-44.227845,8.958752,70.255797
2025-10-03T11:20:40.308,1.300074,-0.887878,-2.804993,-22.736940,23.346864,0.813904,-68.393266,45.721556,-6.056580,2.415527,-5.138489,-7.821899,-44.227845,8.958752,70.255797
2025-10-03T11:20:40.317,1.309596,-0.887878,-2.794739,-22.724121,23.341188,0.844666,-68.604722,45.752743,-6.056580,2.415527,-5.138489,-7.821899,-44.227845,8.958752,70.255797
2025-10-03T11:20:40.328,1.319763,-0.887695,-2.786133,-22.711487,23.334412,0.877075,-68.812271,45.786764,-6.056580,2.415527,-5.138489,-7.821899,-44.227845,8.958752,70.255797
2025-10-03T11:20:40.328,1.319834,-0.888062,-2.775696,-22.699220,23.327271,0.908936,-69.017634,45.817951,-6.056397,2.415527,-5.138489,-7.822266,-44.227845,8.958752,70.255797
2025-10-03T11:20:40.337,1.329439,-0.888062,-2.765076,-22.686584,23.320863,0.942078,-69.222567,45.846303,-6.056397,2.415527,-5.138672,-7.822449,-44.227845,8.958752,70.257218
2025-10-03T11:20:40.337,1.329517,-0.888062,-2.756104,-22.673585,23.315370,0.973206,-69.427070,45.867568,-6.056397,2.415710,-5.138672,-7.822449,-44.227845,8.958752,70.257218
2025-10-03T11:20:40.348,1.339724,-0.888428,-2.746216,-22.659668,23.308777,1.006531,-69.628956,45.881745,-6.056397,2.415710,-5.138672,-7.822449,-44.227845,8.958752,70.257218
2025-10-03T11:20:40.348,1.339803,-0.888794,-2.735596,-22.647584,23.302186,1.038391,-69.835624,45.891665,-6.056763,2.415710,-5.138672,-7.822632,-44.228029,8.958752,70.257218
2025-10-03T11:20:40.358,1.349980,-0.888794,-2.724609,-22.634950,23.293580,1.071899,-70.044478,45.901590,-6.056763,2.415710,-5.138672,-7.822632,-44.228029,8.958752,70.257218
2025-10-03T11:20:40.358,1.350059,-0.888611,-2.714539,-22.622864,23.285339,1.105042,-70.249411,45.914348,-6.056580,2.415894,-5.138672,-7.822632,-44.228029,8.958752,70.258632
2025-10-03T11:20:40.367,1.359598,-0.888611,-2.703918,-22.609132,23.274537,1.136353,-70.449993,45.925690,-6.056763,2.415894,-5.138672,-7.822998,-44.228029,8.958752,70.258632
2025-10-03T11:20:40.368,1.359665,-0.888611,-2.692932,-22.595398,23.264649,1.167664,-70.649271,45.934194,-6.056763,2.415894,-5.138855,-7.823182,-44.228029,8.958752,70.258632
2025-10-03T11:20:40.378,1.369843,-0.888245,-2.670960,-22.566834,23.245606,1.226441,-71.047819,45.934194,-6.056763,2.415894,-5.139038,-7.823913,-44.228029,8.958752,70.260052
2025-10-03T11:20:40.378,1.369927,-0.888428,-2.660156,-22.554383,23.236085,1.254456,-71.245362,45.935611,-6.056763,2.415894,-5.139038,-7.823913,-44.228029,8.958752,70.260052
2025-10-03T11:20:40.387,1.379386,-0.888428,-2.660156,-22.554383,23.236085,1.254456,-71.245362,45.935611,-6.056763,2.415894,-5.139038,-7.823913,-44.228029,8.958752,70.260052
2025-10-03T11:20:40.387,1.379467,-0.888062,-2.638916,-22.531129,23.217225,1.311401,-71.652181,45.935611,-6.056763,2.415710,-5.139038,-7.823913,-44.228029,8.958752,70.262887
2025-10-03T11:20:40.398,1.389658,-0.888062,-2.625732,-22.519410,23.206056,1.340332,-71.873213,45.935611,-6.056763,2.415710,-5.139038,-7.824097,-44.228210,8.958752,70.264308
2025-10-03T11:20:40.398,1.389735,-0.888062,-2.614929,-22.508607,23.193238,1.368164,-72.077272,45.935611,-6.056397,2.415710,-5.139038,-7.823913,-44.228210,8.958752,70.264308
2025-10-03T11:20:40.408,1.399950,-0.887695,-2.603027,-22.496888,23.179688,1.395630,-72.274378,45.935611,-6.056397,2.415710,-5.139038,-7.823913,-44.228395,8.958752,70.265721
2025-10-03T11:20:40.408,1.400024,-0.887512,-2.590576,-22.485536,23.167419,1.420532,-72.471039,45.935611,-6.056397,2.415710,-5.139038,-7.823913,-44.228760,8.958752,70.265721
2025-10-03T11:20:40.417,1.409550,-0.887878,-2.576843,-22.474000,23.155518,1.443420,-72.666840,45.935611,-6.056397,2.415710,-5.139221,-7.823913,-44.229126,8.958752,70.265721
2025-10-03T11:20:40.417,1.409618,-0.888062,-2.563843,-22.463746,23.144531,1.465759,-72.861330,45.935611,-6.056397,2.415710,-5.139221,-7.823913,-44.229310,8.958752,70.267142
2025-10-03T11:20:40.428,1.419881,-0.887878,-2.549194,-22.452577,23.131715,1.488464,-73.054078,45.941283,-6.056580,2.415710,-5.139221,-7.823913,-44.229310,8.958752,70.268556
2025-10-03T11:20:40.428,1.419953,-0.887878,-2.536743,-22.441406,23.117433,1.512085,-73.249005,45.954039,-6.056580,2.415710,-5.139221,-7.823913,-44.229310,8.958752,70.268556
2025-10-03T11:20:40.437,1.429445,-0.888245,-2.524841,-22.430970,23.103333,1.535339,-73.448282,45.971053,-6.056580,2.415710,-5.139404,-7.824097,-44.229310,8.958752,70.268556
2025-10-03T11:20:40.437,1.429515,-0.887695,-2.512940,-22.420898,23.087037,1.558960,-73.648427,45.999401,-6.056580,2.415710,-5.139404,-7.824280,-44.229310,8.958752,70.269977
2025-10-03T11:20:40.448,1.439714,-0.887329,-2.502319,-22.412110,23.071472,1.582031,-73.843791,46.039095,-6.056580,2.415710,-5.139404,-7.824280,-44.229310,8.958752,70.269977
2025-10-03T11:20:40.448,1.439786,-0.887512,-2.491516,-22.401673,23.056092,1.604370,-74.033056,46.088713,-6.056580,2.415710,-5.139404,-7.824280,-44.229310,8.958752,70.269977
2025-10-03T11:20:40.458,1.449964,-0.887695,-2.481079,-22.391052,23.038880,1.625061,-74.222327,46.142579,-6.056580,2.415710,-5.139404,-7.824463,-44.229310,8.958752,70.269977
2025-10-03T11:20:40.458,1.450040,-0.887695,-2.470459,-22.379151,23.022401,1.646301,-74.412903,46.196449,-6.056580,2.415710,-5.139588,-7.824646,-44.229310,8.958752,70.269977
2025-10-03T11:20:40.467,1.459563,-0.887695,-2.460388,-22.368164,23.005554,1.666626,-74.599995,46.247481,-6.056580,2.415894,-5.139588,-7.824646,-44.229310,8.958752,70.269977
2025-10-03T11:20:40.467,1.459629,-0.887512,-2.451599,-22.357361,22.987611,1.686401,-74.787088,46.301350,-6.056580,2.415894,-5.139588,-7.824646,-44.229494,8.958752,70.269977
2025-10-03T11:20:40.478,1.469803,-0.886780,-2.442261,-22.347291,22.968384,1.707275,-74.975922,46.353799,-6.056580,2.415894,-5.139588,-7.824829,-44.229494,8.958752,70.269977
2025-10-03T11:20:40.478,1.469876,-0.886780,-2.433472,-22.337037,22.949524,1.729431,-75.170849,46.406252,-6.056580,2.415894,-5.139771,-7.824829,-44.229310,8.958752,70.271390
2025-10-03T11:20:40.487,1.479388,-0.887329,-2.422852,-22.327332,22.931032,1.751404,-75.366643,46.460122,-6.056580,2.415894,-5.139771,-7.825196,-44.229494,8.958752,70.271390
2025-10-03T11:20:40.487,1.479456,-0.887146,-2.411682,-22.317261,22.913820,1.773010,-75.560265,46.516822,-6.056580,2.415710,-5.139771,-7.825378,-44.229310,8.958752,70.271390
2025-10-03T11:20:40.498,1.489644,-0.886597,-2.400147,-22.305359,22.894775,1.792419,-75.751278,46.574944,-6.056397,2.415710,-5.139771,-7.825562,-44.229310,8.958752,70.271390
2025-10-03T11:20:40.498,1.489713,-0.887146,-2.388062,-22.295105,22.875733,1.811646,-75.934888,46.633065,-6.056397,2.415710,-5.139954,-7.825928,-44.229494,8.958752,70.271390
2025-10-03T11:20:40.508,1.499914,-0.887329,-2.374512,-22.285218,22.857973,1.830139,-76.118934,46.686935,-6.056580,2.415710,-5.140137,-7.825928,-44.229494,8.958752,70.271390
2025-10-03T11:20:40.508,1.499987,-0.886780,-2.361328,-22.277161,22.839295,1.848084,-76.305596,46.740805,-6.056580,2.415344,-5.140869,-7.825928,-44.229494,8.958752,70.271390
2025-10-03T11:20:40.517,1.509506,-0.886963,-2.348328,-22.270752,22.820618,1.865662,-76.488338,46.794671,-6.056763,2.415344,-5.141418,-7.825928,-44.229494,8.958752,70.271390
2025-10-03T11:20:40.517,1.509574,-0.887878,-2.334961,-22.264711,22.800843,1.882874,-76.670649,46.848541,-6.056763,2.415344,-5.141418,-7.825928,-44.229494,8.958752,70.272811
2025-10-03T11:20:40.529,1.520777,-0.888062,-2.320313,-22.259400,22.782349,1.899353,-76.853391,46.902407,-6.056580,2.415344,-5.141602,-7.826111,-44.229494,8.958752,70.272811
2025-10-03T11:20:40.529,1.520849,-0.888062,-2.307678,-22.254090,22.764039,1.916931,-77.043530,46.956277,-6.056580,2.415527,-5.141602,-7.826111,-44.229494,8.958752,70.272811
2025-10-03T11:20:40.537,1.529396,-0.888428,-2.295044,-22.248779,22.742798,1.933594,-77.231927,47.003057,-6.056580,2.415710,-5.141418,-7.826111,-44.229494,8.958752,70.272811
2025-10-03T11:20:40.547,1.539593,-0.888428,-2.282776,-22.241821,22.721924,1.950623,-77.418589,47.044168,-6.056580,2.415710,-5.141602,-7.826111,-44.229494,8.958752,70.274225
2025-10-03T11:20:40.548,1.539667,-0.888062,-2.270508,-22.232667,22.699951,1.965088,-77.600026,47.081023,-6.056580,2.415710,-5.141602,-7.826111,-44.229675,8.958752,70.274225
2025-10-03T11:20:40.558,1.549848,-0.888245,-2.258606,-22.223694,22.676880,1.979004,-77.783205,47.116465,-6.056580,2.415894,-5.141602,-7.826111,-44.229675,8.958752,70.274225
2025-10-03T11:20:40.558,1.549915,-0.888611,-2.247803,-22.212342,22.654358,1.993286,-77.965947,47.147652,-6.056580,2.415894,-5.141785,-7.826111,-44.229675,8.958752,70.275646
2025-10-03T11:20:40.567,1.559400,-0.888611,-2.237366,-22.201173,22.633302,2.007385,-78.149556,47.176004,-6.056580,2.415894,-5.141785,-7.826111,-44.229860,8.958752,70.275646
2025-10-03T11:20:40.567,1.559468,-0.888245,-2.228394,-22.189271,22.611329,2.020935,-78.332305,47.194432,-6.056580,2.415894,-5.141785,-7.826111,-44.229860,8.958752,70.275646
2025-10-03T11:20:40.579,1.570647,-0.888245,-2.221069,-22.177735,22.588441,2.033752,-78.515046,47.208608,-6.056580,2.415894,-5.141785,-7.826111,-44.229860,8.958752,70.275646
2025-10-03T11:20:40.579,1.570708,-0.888062,-2.213928,-22.164734,22.565186,2.046753,-78.705622,47.217115,-6.056580,2.415894,-5.141968,-7.826111,-44.229860,8.958752,70.275646
2025-10-03T11:20:40.587,1.579447,-0.888062,-2.200195,-22.138916,22.517578,2.073853,-79.092860,47.219949,-6.056580,2.415894,-5.141968,-7.826295,-44.229860,8.958752,70.277059
2025-10-03T11:20:40.587,1.579505,-0.888062,-2.200195,-22.138916,22.517578,2.073853,-79.092860,47.219949,-6.056580,2.415894,-5.141968,-7.826295,-44.229860,8.958752,70.277059
2025-10-03T11:20:40.598,1.589698,-0.887329,-2.194153,-22.126282,22.493225,2.086121,-79.280827,47.219949,-6.056580,2.415894,-5.142151,-7.826477,-44.229860,8.958752,70.278480
2025-10-03T11:20:40.598,1.589773,-0.885864,-2.183533,-22.100465,22.443604,2.103882,-79.655449,47.245467,-6.056580,2.415527,-5.142334,-7.826477,-44.229860,8.958752,70.279901
2025-10-03T11:20:40.608,1.599991,-0.885315,-2.177856,-22.087281,22.418518,2.112671,-79.844713,47.268147,-6.056580,2.415527,-5.142700,-7.826477,-44.229860,8.958752,70.279901
2025-10-03T11:20:40.608,1.600065,-0.885132,-2.173462,-22.075195,22.394350,2.120911,-80.031813,47.299333,-6.056580,2.415527,-5.142700,-7.826477,-44.229860,8.958752,70.281315
2025-10-03T11:20:40.617,1.609593,-0.884949,-2.169983,-22.065309,22.371644,2.130981,-80.218031,47.337610,-6.056580,2.415527,-5.142700,-7.826660,-44.229860,8.958752,70.281315
2025-10-03T11:20:40.618,1.609661,-0.884399,-2.166321,-22.055970,22.350770,2.139771,-80.404693,47.381555,-6.056580,2.415527,-5.142700,-7.826844,-44.229860,8.958752,70.281315
2025-10-03T11:20:40.628,1.619833,-0.883850,-2.163391,-22.048829,22.330627,2.149841,-80.597441,47.426918,-6.056580,2.415527,-5.142700,-7.826844,-44.229860,8.958752,70.281315
2025-10-03T11:20:40.628,1.619905,-0.883301,-2.160095,-22.042603,22.309204,2.160095,-80.790196,47.477949,-6.056580,2.415527,-5.142700,-7.826844,-44.229860,8.958752,70.282735
2025-10-03T11:20:40.637,1.629438,-0.882935,-2.156067,-22.035645,22.288879,2.168884,-80.978593,47.531819,-6.056580,2.415527,-5.142884,-7.826844,-44.229860,8.958752,70.282735
2025-10-03T11:20:40.637,1.629506,-0.882751,-2.152954,-22.027039,22.267824,2.178589,-81.166123,47.589941,-6.056580,2.415527,-5.142884,-7.827026,-44.229860,8.958752,70.282735
2025-10-03T11:20:40.648,1.639697,-0.882751,-2.149658,-22.018983,22.247864,2.187012,-81.351043,47.643807,-6.056580,2.415527,-5.142884,-7.826844,-44.230044,8.958752,70.284149
2025-10-03T11:20:40.648,1.639764,-0.882935,-2.146729,-22.010010,22.227174,2.196716,-81.536831,47.696259,-6.056763,2.415527,-5.142884,-7.826844,-44.230044,8.958752,70.284149
2025-10-03T11:20:40.658,1.649978,-0.882751,-2.143799,-22.002869,22.208862,2.205689,-81.724791,47.750129,-6.056763,2.415527,-5.142884,-7.827026,-44.230044,8.958752,70.284149
2025-10-03T11:20:40.658,1.650052,-0.882751,-2.142334,-21.993897,22.190369,2.214661,-81.911016,47.803995,-6.056946,2.415527,-5.142884,-7.827026,-44.230044,8.958752,70.284149
2025-10-03T11:20:40.668,1.659705,-0.882751,-2.141052,-21.985291,22.171510,2.224732,-82.098983,47.857865,-6.056946,2.415710,-5.142884,-7.827026,-44.230044,8.958752,70.285570
2025-10-03T11:20:40.668,1.659775,-0.883118,-2.139587,-21.976685,22.154115,2.233704,-82.289989,47.914569,-6.056946,2.415710,-5.142884,-7.827026,-44.230044,8.958752,70.285570
2025-10-03T11:20:40.678,1.669941,-0.883484,-2.138306,-21.967896,22.136903,2.243408,-82.488400,47.961349,-6.056946,2.415710,-5.142884,-7.827210,-44.230044,8.958752,70.286984
2025-10-03T11:20:40.678,1.670007,-0.883667,-2.137390,-21.957460,22.118958,2.251465,-82.686803,48.003877,-6.056763,2.415710,-5.142884,-7.827210,-44.230044,8.958752,70.286984
2025-10-03T11:20:40.687,1.679400,-0.883667,-2.136292,-21.946839,22.097718,2.259888,-82.882167,48.044985,-6.056580,2.415710,-5.143067,-7.827393,-44.230044,8.958752,70.286984
2025-10-03T11:20:40.687,1.679469,-0.883667,-2.135010,-21.935487,22.076478,2.267944,-83.074478,48.083261,-6.056580,2.415710,-5.143067,-7.827576,-44.230044,8.958752,70.288404
2025-10-03T11:20:40.698,1.689669,-0.883667,-2.133911,-21.923951,22.055970,2.274903,-83.269841,48.122955,-6.056580,2.415710,-5.143250,-7.827576,-44.230044,8.958752,70.288404
2025-10-03T11:20:40.698,1.689737,-0.883667,-2.133179,-21.911867,22.037293,2.280395,-83.465636,48.156976,-6.056580,2.415527,-5.143433,-7.827576,-44.230225,8.958752,70.288404
2025-10-03T11:20:40.708,1.699923,-0.883850,-2.132446,-21.901246,22.018068,2.285156,-83.662734,48.185328,-6.056580,2.415344,-5.143433,-7.827576,-44.230225,8.958752,70.289818
2025-10-03T11:20:40.708,1.699998,-0.883850,-2.132080,-21.889894,21.998658,2.289917,-83.858098,48.208008,-6.056580,2.415527,-5.143433,-7.827576,-44.230225,8.958752,70.291239
2025-10-03T11:20:40.717,1.709517,-0.883850,-2.132263,-21.878358,21.978883,2.293945,-84.058243,48.225022,-6.056580,2.415527,-5.143433,-7.827576,-44.230225,8.958752,70.291239
2025-10-03T11:20:40.717,1.709584,-0.883850,-2.132263,-21.866272,21.956910,2.297608,-84.265792,48.242033,-6.056580,2.415527,-5.143616,-7.827576,-44.230225,8.958752,70.291239
2025-10-03T11:20:40.728,1.719786,-0.883667,-2.131714,-21.854737,21.934755,2.300903,-84.475944,48.271802,-6.056580,2.415527,-5.143616,-7.827576,-44.230225,8.958752,70.291239
2025-10-03T11:20:40.728,1.719859,-0.883484,-2.131348,-21.842286,21.912415,2.302368,-84.698717,48.312913,-6.056580,2.415710,-5.143616,-7.827576,-44.230225,8.958752,70.291239
2025-10-03T11:20:40.737,1.729443,-0.883118,-2.130981,-21.830017,21.889161,2.302734,-84.905392,48.368196,-6.056763,2.415710,-5.143616,-7.827759,-44.230225,8.958752,70.291239
2025-10-03T11:20:40.737,1.729513,-0.883118,-2.130432,-21.817200,21.866456,2.302368,-85.113801,48.430570,-6.056763,2.415710,-5.143799,-7.827759,-44.230225,8.958752,70.292653
2025-10-03T11:20:40.748,1.739693,-0.883301,-2.129883,-21.805116,21.844666,2.301636,-85.322655,48.500033,-6.056946,2.415710,-5.143799,-7.827759,-44.230225,8.958752,70.292653
2025-10-03T11:20:40.748,1.739762,-0.882935,-2.129700,-21.792847,21.821961,2.301453,-85.532806,48.572330,-6.056946,2.415710,-5.143982,-7.827759,-44.230225,8.958752,70.292653
2025-10-03T11:20:40.758,1.749912,-0.882751,-2.129883,-21.782593,21.799256,2.301270,-85.744269,48.646045,-6.056946,2.415710,-5.143982,-7.827759,-44.230225,8.958752,70.292653
2025-10-03T11:20:40.758,1.749979,-0.882935,-2.130066,-21.772889,21.777650,2.301270,-85.961380,48.719760,-6.056946,2.415710,-5.143982,-7.827759,-44.230225,8.958752,70.292653
2025-10-03T11:20:40.767,1.759505,-0.882751,-2.129517,-21.763001,21.755128,2.301636,-86.181981,48.793475,-6.056946,2.415710,-5.143982,-7.827759,-44.230225,8.958752,70.292653
2025-10-03T11:20:40.778,1.769872,-0.882568,-2.128418,-21.754030,21.731872,2.301453,-86.401702,48.868607,-6.056946,2.415710,-5.143982,-7.827942,-44.230225,8.958752,70.294073
2025-10-03T11:20:40.778,1.769955,-0.882568,-2.126953,-21.742676,21.708436,2.300903,-86.616211,48.945156,-6.056763,2.415710,-5.143982,-7.827942,-44.230225,8.958752,70.294073
2025-10-03T11:20:40.778,1.770032,-0.882751,-2.126038,-21.730042,21.684449,2.299988,-86.827236,49.023123,-6.056580,2.415710,-5.143982,-7.828125,-44.230225,8.958752,70.294073
2025-10-03T11:20:40.787,1.779455,-0.883118,-2.125305,-21.716493,21.661378,2.299622,-87.036520,49.099675,-6.056763,2.415710,-5.143982,-7.828125,-44.230225,8.958752,70.294073
2025-10-03T11:20:40.798,1.789751,-0.883118,-2.124390,-21.704041,21.639588,2.299622,-87.250155,49.173390,-6.056763,2.415710,-5.143982,-7.828125,-44.230225,8.958752,70.295494
2025-10-03T11:20:40.798,1.789841,-0.882935,-2.124023,-21.691590,21.618531,2.300171,-87.457260,49.245684,-6.056763,2.415710,-5.143982,-7.828125,-44.230225,8.958752,70.295494
2025-10-03T11:20:40.808,1.800057,-0.882935,-2.123657,-21.679323,21.597840,2.300903,-87.666981,49.313730,-6.056946,2.415527,-5.144165,-7.828125,-44.230225,8.958752,70.295494
2025-10-03T11:20:40.808,1.800134,-0.882935,-2.123657,-21.667419,21.577150,2.302185,-87.878874,49.371852,-6.056763,2.415527,-5.144348,-7.828125,-44.230225,8.958752,70.296908
2025-10-03T11:20:40.818,1.809742,-0.882935,-2.122742,-21.654785,21.556092,2.302551,-88.092515,49.429973,-6.056763,2.415527,-5.144348,-7.828125,-44.230225,8.958752,70.296908
2025-10-03T11:20:40.818,1.809815,-0.883118,-2.121643,-21.642701,21.532837,2.302918,-88.301362,49.486677,-6.056763,2.415527,-5.144348,-7.828125,-44.230225,8.958752,70.296908
2025-10-03T11:20:40.827,1.819383,-0.882935,-2.121094,-21.629334,21.509400,2.302918,-88.506295,49.544799,-6.056580,2.415710,-5.144348,-7.828125,-44.230225,8.958752,70.296908
2025-10-03T11:20:40.827,1.819450,-0.882751,-2.120361,-21.616333,21.486329,2.302368,-88.708182,49.600082,-6.056580,2.415710,-5.144348,-7.828125,-44.230225,8.958752,70.298329
2025-10-03T11:20:40.838,1.830503,-0.882751,-2.119629,-21.602601,21.463624,2.302185,-88.913115,49.651118,-6.056763,2.415710,-5.144348,-7.828125,-44.230225,8.958752,70.298329
2025-10-03T11:20:40.838,1.830553,-0.882568,-2.118530,-21.574220,21.417481,2.302002,-89.320808,49.778699,-6.056763,2.415710,-5.144348,-7.828125,-44.230225,8.958752,70.301163
2025-10-03T11:20:40.848,1.839706,-0.882568,-2.118530,-21.574220,21.417481,2.302002,-89.320808,49.778699,-6.056763,2.415710,-5.144348,-7.828125,-44.230225,8.958752,70.301163
2025-10-03T11:20:40.848,1.839782,-0.882385,-2.118164,-21.561401,21.394410,2.302551,-89.532701,49.856669,-6.056763,2.415710,-5.144348,-7.828125,-44.230225,8.958752,70.301163
2025-10-03T11:20:40.858,1.849951,-0.881470,-2.117066,-21.539246,21.348450,2.303101,-89.959103,50.035285,-6.056763,2.415710,-5.144531,-7.828309,-44.230410,8.958752,70.302577
2025-10-03T11:20:40.858,1.849995,-0.881287,-2.115601,-21.527894,21.323914,2.302918,-90.165771,50.133097,-6.056763,2.415710,-5.144531,-7.828491,-44.230225,8.958752,70.302577
2025-10-03T11:20:40.867,1.859470,-0.881470,-2.114685,-21.516175,21.298463,2.302551,-90.370274,50.233746,-6.056580,2.415710,-5.144531,-7.828858,-44.230225,8.958752,70.303998
2025-10-03T11:20:40.867,1.859513,-0.881470,-2.113220,-21.505006,21.272462,2.301819,-90.570856,50.334396,-6.056580,2.415710,-5.144531,-7.829041,-44.230225,8.958752,70.303998
2025-10-03T11:20:40.879,1.870671,-0.881287,-2.111023,-21.494202,21.247194,2.301270,-90.774047,50.435046,-6.056580,2.415710,-5.144531,-7.829224,-44.230225,8.958752,70.303998
2025-10-03T11:20:40.879,1.870713,-0.881104,-2.108460,-21.484314,21.223206,2.300903,-90.975497,50.534275,-6.056763,2.415710,-5.144531,-7.829224,-44.230410,8.958752,70.303998
2025-10-03T11:20:40.887,1.879417,-0.881287,-2.106812,-21.474793,21.199403,2.300171,-91.178258,50.634924,-6.056763,2.415710,-5.144531,-7.829224,-44.230410,8.958752,70.303998
2025-10-03T11:20:40.887,1.879462,-0.881470,-2.104065,-21.463624,21.175965,2.300354,-91.381012,50.731322,-6.056763,2.415527,-5.144531,-7.829224,-44.230410,8.958752,70.303998
2025-10-03T11:20:40.898,1.889783,-0.881470,-2.101318,-21.452272,21.153077,2.301086,-91.586382,50.827717,-6.056763,2.415527,-5.144531,-7.829407,-44.230410,8.958752,70.305412
2025-10-03T11:20:40.898,1.889828,-0.881470,-2.097107,-21.439820,21.130005,2.301453,-91.791315,50.921277,-6.056763,2.415527,-5.144531,-7.829407,-44.230410,8.958752,70.305412
2025-10-03T11:20:40.908,1.899989,-0.881287,-2.093811,-21.427734,21.105836,2.301453,-91.987547,51.013423,-6.056763,2.415527,-5.144531,-7.829407,-44.230410,8.958752,70.306832
2025-10-03T11:20:40.908,1.900035,-0.880920,-2.089783,-21.415100,21.081299,2.301453,-92.181599,51.101314,-6.056763,2.415527,-5.144531,-7.829407,-44.230410,8.958752,70.306832
2025-10-03T11:20:40.917,1.909523,-0.881104,-2.085205,-21.403016,21.055665,2.301453,-92.372612,51.186367,-6.056763,2.415527,-5.144714,-7.829407,-44.230410,8.958752,70.306832
2025-10-03T11:20:40.917,1.909566,-0.881104,-2.081360,-21.389467,21.034790,2.301453,-92.565360,51.264337,-6.056763,2.415527,-5.144714,-7.829407,-44.230410,8.958752,70.306832
2025-10-03T11:20:40.929,1.920754,-0.880737,-2.077698,-21.376648,21.012269,2.301636,-92.756373,51.333796,-6.056763,2.415527,-5.144714,-7.829407,-44.230410,8.958752,70.308253
2025-10-03T11:20:40.929,1.920809,-0.880554,-2.073120,-21.363648,20.989564,2.302002,-92.947817,51.403259,-6.056763,2.415527,-5.144714,-7.829407,-44.230410,8.958752,70.308253
2025-10-03T11:20:40.937,1.929421,-0.880005,-2.070007,-21.351014,20.965576,2.302551,-93.143611,51.481226,-6.056763,2.415527,-5.144714,-7.829407,-44.230410,8.958752,70.308253
2025-10-03T11:20:40.937,1.929470,-0.879456,-2.066528,-21.338928,20.940491,2.302918,-93.341147,51.571951,-6.056763,2.415527,-5.144714,-7.829407,-44.230410,8.958752,70.308253
2025-10-03T11:20:40.948,1.939672,-0.878906,-2.062134,-21.327027,20.914125,2.303101,-93.541298,51.672601,-6.056763,2.415527,-5.144714,-7.829407,-44.230410,8.958752,70.308253
2025-10-03T11:20:40.948,1.939722,-0.878174,-2.058838,-21.314760,20.889222,2.302918,-93.734484,51.783175,-6.056763,2.415527,-5.144714,-7.829407,-44.230410,8.958752,70.309667
2025-10-03T11:20:40.958,1.949897,-0.877991,-2.055359,-21.301026,20.864136,2.302918,-93.923748,51.899414,-6.056763,2.415527,-5.144714,-7.829407,-44.230410,8.958752,70.309667
2025-10-03T11:20:40.958,1.949947,-0.877808,-2.051697,-21.289307,20.838135,2.302918,-94.108232,52.015657,-6.056580,2.415527,-5.144714,-7.829407,-44.230410,8.958752,70.311087
2025-10-03T11:20:40.967,1.959430,-0.877441,-2.048950,-21.278321,20.813417,2.302918,-94.297503,52.133318,-6.056763,2.415710,-5.144714,-7.829407,-44.230410,8.958752,70.311087
2025-10-03T11:20:40.967,1.959480,-0.876892,-2.046753,-21.269166,20.789429,2.302918,-94.482423,52.248143,-6.056763,2.415710,-5.144714,-7.829407,-44.230410,8.958752,70.312501
2025-10-03T11:20:40.979,1.970651,-0.876343,-2.044373,-21.260193,20.765442,2.302734,-94.664291,52.365804,-6.056763,2.415710,-5.144714,-7.829407,-44.230410,8.958752,70.312501
2025-10-03T11:20:40.979,1.970708,-0.876526,-2.042725,-21.252137,20.741638,2.302734,-94.850953,52.483464,-6.056763,2.415710,-5.144898,-7.829407,-44.230410,8.958752,70.313922
2025-10-03T11:20:40.987,1.979383,-0.876526,-2.040894,-21.242798,20.718018,2.302918,-95.038483,52.592617,-6.056580,2.415710,-5.144898,-7.829407,-44.230410,8.958752,70.313922
2025-10-03T11:20:40.987,1.979452,-0.876526,-2.038513,-21.234010,20.694580,2.302918,-95.226880,52.697519,-6.056580,2.415710,-5.144898,-7.829407,-44.230410,8.958752,70.313922
2025-10-03T11:20:40.998,1.989724,-0.876526,-2.037048,-21.223756,20.670227,2.302368,-95.411363,52.801003,-6.056580,2.415710,-5.144898,-7.829407,-44.230410,8.958752,70.313922
2025-10-03T11:20:40.998,1.989782,-0.876160,-2.035767,-21.212952,20.646424,2.302002,-95.590191,52.901652,-6.056580,2.415710,-5.144898,-7.829407,-44.230410,8.958752,70.313922
2025-10-03T11:20:41.008,1.999929,-0.875793,-2.033752,-21.202881,20.623536,2.301636,-95.767715,52.995212,-6.056946,2.415710,-5.144898,-7.829590,-44.230410,8.958752,70.315336
2025-10-03T11:20:41.008,1.999992,-0.875610,-2.032105,-21.193727,20.601013,2.301819,-95.942622,53.085938,-6.056946,2.415710,-5.145081,-7.829590,-44.230410,8.958752,70.315336
2025-10-03T11:20:41.017,2.009494,-0.875610,-2.030640,-21.183471,20.579223,2.302002,-96.117967,53.163908,-6.056946,2.415710,-5.145081,-7.829590,-44.230410,8.958752,70.315336
2025-10-03T11:20:41.017,2.009550,-0.875793,-2.029724,-21.173767,20.559083,2.302185,-96.291139,53.248961,-6.056946,2.415710,-5.145264,-7.829590,-44.230410,8.958752,70.315336
2025-10-03T11:20:41.029,2.020743,-0.875977,-2.028626,-21.163514,20.537660,2.302368,-96.466054,53.341107,-6.056946,2.415710,-5.145081,-7.829590,-44.230410,8.958752,70.315336
2025-10-03T11:20:41.029,2.020802,-0.875977,-2.026978,-21.153077,20.516053,2.302918,-96.644445,53.438919,-6.056763,2.415710,-5.145264,-7.829590,-44.230410,8.958752,70.316757
2025-10-03T11:20:41.037,2.029420,-0.875793,-2.026062,-21.143556,20.495728,2.303284,-96.826319,53.540985,-6.056763,2.415710,-5.145264,-7.829590,-44.230410,8.958752,70.316757
2025-10-03T11:20:41.048,2.039683,-0.875244,-2.025147,-21.134767,20.473572,2.303284,-97.006882,53.647304,-6.056763,2.415710,-5.145264,-7.829956,-44.230410,8.958752,70.316757
2025-10-03T11:20:41.048,2.039743,-0.874878,-2.024048,-21.125794,20.450317,2.303284,-97.184842,53.757878,-6.056763,2.415527,-5.145264,-7.829956,-44.230410,8.958752,70.316757
2025-10-03T11:20:41.058,2.049937,-0.874512,-2.022400,-21.116822,20.427064,2.302734,-97.360187,53.869866,-6.056763,2.415527,-5.145264,-7.829956,-44.230410,8.958752,70.316757
2025-10-03T11:20:41.058,2.050005,-0.873596,-2.021118,-21.106751,20.404724,2.302002,-97.530744,53.984692,-6.056763,2.415527,-5.145264,-7.829773,-44.230410,8.958752,70.318170
2025-10-03T11:20:41.067,2.059523,-0.873413,-2.020203,-21.097413,20.383851,2.302002,-97.699128,54.098100,-6.056763,2.415527,-5.145264,-7.829773,-44.230410,8.958752,70.318170
2025-10-03T11:20:41.067,2.059592,-0.873596,-2.019653,-21.088257,20.362976,2.302185,-97.867513,54.201584,-6.056763,2.415527,-5.145264,-7.830323,-44.230410,8.958752,70.318170
2025-10-03T11:20:41.078,2.069759,-0.873230,-2.019470,-21.080750,20.343751,2.302734,-98.045911,54.297979,-6.056763,2.415527,-5.145264,-7.830139,-44.230410,8.958752,70.318170
2025-10-03T11:20:41.078,2.069825,-0.872681,-2.019287,-21.073610,20.323976,2.303101,-98.209507,54.390121,-6.056763,2.415527,-5.145264,-7.830139,-44.230410,8.958752,70.318170
2025-10-03T11:20:41.087,2.079409,-0.872314,-2.018921,-21.067567,20.304016,2.303101,-98.375283,54.479430,-6.056763,2.415527,-5.145264,-7.830505,-44.230410,8.958752,70.318170
2025-10-03T11:20:41.087,2.079476,-0.872314,-2.017639,-21.056946,20.267212,2.303101,-98.715092,54.633949,-6.056763,2.415527,-5.145447,-7.831055,-44.230410,8.958752,70.319591
2025-10-03T11:20:41.098,2.089688,-0.872131,-2.016174,-21.052185,20.246889,2.302918,-98.884351,54.703412,-6.056580,2.415527,-5.145447,-7.831055,-44.230410,8.958752,70.319591
2025-10-03T11:20:41.098,2.089761,-0.872131,-2.015076,-21.047242,20.227296,2.302551,-99.049252,54.772872,-6.056580,2.415710,-5.145447,-7.831055,-44.230410,8.958752,70.321005
2025-10-03T11:20:41.108,2.099927,-0.872498,-2.014160,-21.042116,20.209352,2.302002,-99.214590,54.850838,-6.056763,2.415710,-5.145447,-7.831055,-44.230410,8.958752,70.321005
2025-10-03T11:20:41.108,2.099995,-0.872498,-2.012512,-21.036622,20.191224,2.301636,-99.378624,54.930225,-6.056763,2.415710,-5.145447,-7.831055,-44.230410,8.958752,70.321005
2025-10-03T11:20:41.117,2.109519,-0.872498,-2.010132,-21.031862,20.174195,2.301453,-99.541353,55.012444,-6.056763,2.415710,-5.145447,-7.831055,-44.230410,8.958752,70.322426
2025-10-03T11:20:41.117,2.109586,-0.872681,-2.008484,-21.025819,20.156983,2.301636,-99.704950,55.090414,-6.056763,2.415710,-5.145447,-7.831055,-44.230410,8.958752,70.322426
2025-10-03T11:20:41.128,2.119741,-0.872681,-2.006470,-21.020691,20.140321,2.302002,-99.867679,55.169798,-6.056763,2.415710,-5.145447,-7.831055,-44.230410,8.958752,70.322426
2025-10-03T11:20:41.128,2.119809,-0.872681,-2.003174,-21.014832,20.122559,2.302185,-100.029104,55.249182,-6.056763,2.415527,-5.145630,-7.831055,-44.230410,8.958752,70.322426
2025-10-03T11:20:41.137,2.129507,-0.872498,-2.000794,-21.010804,20.104981,2.302734,-100.194005,55.331403,-6.056763,2.415527,-5.145813,-7.831238,-44.230410,8.958752,70.323846
2025-10-03T11:20:41.137,2.129587,-0.872498,-1.997131,-21.005676,20.087037,2.303101,-100.363264,55.409370,-6.056763,2.415527,-5.145813,-7.831238,-44.230410,8.958752,70.323846
2025-10-03T11:20:41.147,2.139590,-0.872498,-1.992920,-21.000001,20.070374,2.303101,-100.534688,55.480250,-6.056580,2.415527,-5.145813,-7.831238,-44.230410,8.958752,70.323846
2025-10-03T11:20:41.148,2.139741,-0.872314,-1.988892,-20.994507,20.053345,2.302918,-100.703073,55.549713,-6.056580,2.415527,-5.145813,-7.831238,-44.230410,8.958752,70.323846
2025-10-03T11:20:41.158,2.149884,-0.872314,-1.984314,-20.989014,20.034852,2.302551,-100.867981,55.620590,-6.056580,2.415527,-5.145813,-7.831238,-44.230410,8.958752,70.325260
2025-10-03T11:20:41.158,2.149946,-0.872131,-1.979004,-20.984436,20.016540,2.302551,-101.033756,55.680129,-6.056580,2.415527,-5.145813,-7.831421,-44.230591,8.958752,70.325260
2025-10-03T11:20:41.167,2.159449,-0.871948,-1.974243,-20.979310,19.999878,2.302368,-101.195174,55.733999,-6.056763,2.415527,-5.145813,-7.831421,-44.230591,8.958752,70.325260
2025-10-03T11:20:41.178,2.170619,-0.871765,-1.968933,-20.975465,19.982851,2.302368,-101.356599,55.780779,-6.056763,2.415527,-5.145813,-7.831421,-44.230591,8.958752,70.325260
2025-10-03T11:20:41.179,2.170692,-0.871948,-1.964722,-20.970887,19.965089,2.302551,-101.519765,55.828976,-6.056763,2.415710,-5.145813,-7.831421,-44.230591,8.958752,70.325260
2025-10-03T11:20:41.179,2.170755,-0.872131,-1.960144,-20.965759,19.946961,2.302551,-101.682488,55.877177,-6.056763,2.415710,-5.145813,-7.831421,-44.230591,8.958752,70.326681
2025-10-03T11:20:41.187,2.179404,-0.872131,-1.954468,-20.960816,19.929382,2.302551,-101.847833,55.928208,-6.056763,2.415710,-5.145813,-7.831421,-44.230591,8.958752,70.326681
2025-10-03T11:20:41.198,2.189887,-0.872131,-1.948608,-20.954407,19.911987,2.302734,-102.015781,55.980661,-6.056763,2.415710,-5.145813,-7.831604,-44.230410,8.958752,70.326681
2025-10-03T11:20:41.198,2.189935,-0.871948,-1.942566,-20.948182,19.893860,2.302734,-102.187211,56.033110,-6.056763,2.415710,-5.145996,-7.831788,-44.230410,8.958752,70.326681
2025-10-03T11:20:41.208,2.200158,-0.871765,-1.936523,-20.941406,19.875550,2.302918,-102.362119,56.089814,-6.056763,2.415710,-5.145996,-7.831788,-44.230410,8.958752,70.326681
2025-10-03T11:20:41.208,2.200248,-0.871399,-1.928650,-20.934815,19.857972,2.302918,-102.533987,56.150770,-6.056763,2.415710,-5.146179,-7.831788,-44.230410,8.958752,70.326681
2025-10-03T11:20:41.218,2.209839,-0.870483,-1.921143,-20.927307,19.839113,2.302918,-102.704113,56.214561,-6.056763,2.415710,-5.146362,-7.831788,-44.230591,8.958752,70.328095
2025-10-03T11:20:41.218,2.209913,-0.870117,-1.914551,-20.919801,19.821168,2.302918,-102.873365,56.275520,-6.056763,2.415710,-5.146545,-7.831788,-44.230591,8.958752,70.328095
2025-10-03T11:20:41.228,2.220060,-0.868835,-1.898804,-20.908631,19.787294,2.302368,-103.208393,56.376166,-6.056763,2.415710,-5.146545,-7.831788,-44.230591,8.958752,70.328095
2025-10-03T11:20:41.228,2.220107,-0.868835,-1.898804,-20.908631,19.787294,2.302368,-103.208393,56.376166,-6.056763,2.415710,-5.146545,-7.831788,-44.230591,8.958752,70.328095
2025-10-03T11:20:41.237,2.229410,-0.867371,-1.892029,-20.904603,19.770264,2.302734,-103.375473,56.420112,-6.056763,2.415710,-5.146545,-7.831788,-44.230410,8.958752,70.328095
2025-10-03T11:20:41.237,2.229479,-0.866455,-1.884888,-20.900391,19.752502,2.302734,-103.542553,56.455554,-6.056763,2.415710,-5.146729,-7.831970,-44.230410,8.958752,70.328095
2025-10-03T11:20:41.248,2.239667,-0.865906,-1.877564,-20.895447,19.734375,2.302734,-103.712242,56.485323,-6.056580,2.415710,-5.146729,-7.831970,-44.230591,8.958752,70.328095
2025-10-03T11:20:41.248,2.239739,-0.865723,-1.862366,-20.882813,19.699036,2.302734,-104.065111,56.547696,-6.056397,2.415710,-5.146729,-7.831970,-44.230591,8.958752,70.329515
2025-10-03T11:20:41.258,2.249923,-0.865723,-1.855774,-20.874573,19.680726,2.302734,-104.243501,56.583135,-6.056397,2.415527,-5.146912,-7.831970,-44.230591,8.958752,70.329515
2025-10-03T11:20:41.258,2.250005,-0.865356,-1.848450,-20.867432,19.660583,2.302734,-104.421025,56.618577,-6.056397,2.415527,-5.146912,-7.831970,-44.230591,8.958752,70.329515
2025-10-03T11:20:41.267,2.259554,-0.864441,-1.841309,-20.859741,19.642456,2.302551,-104.597237,56.652598,-6.056580,2.415527,-5.146912,-7.831970,-44.230591,8.958752,70.330929
2025-10-03T11:20:41.267,2.259635,-0.863709,-1.834717,-20.852052,19.624146,2.302551,-104.769105,56.688036,-6.056763,2.415527,-5.146912,-7.831970,-44.230591,8.958752,70.330929
2025-10-03T11:20:41.278,2.269832,-0.863342,-1.828308,-20.845826,19.605469,2.302551,-104.940099,56.722061,-6.056763,2.415527,-5.146912,-7.831970,-44.230591,8.958752,70.330929
2025-10-03T11:20:41.278,2.269913,-0.862976,-1.822632,-20.840333,19.586609,2.302551,-105.114576,56.756082,-6.056763,2.415527,-5.146912,-7.832153,-44.230591,8.958752,70.330929
2025-10-03T11:20:41.287,2.279457,-0.862610,-1.816223,-20.835022,19.568482,2.302551,-105.287311,56.790103,-6.056763,2.415527,-5.146912,-7.832519,-44.230591,8.958752,70.330929
2025-10-03T11:20:41.287,2.279536,-0.862610,-1.809998,-20.829896,19.551637,2.302918,-105.462656,56.821290,-6.056763,2.415527,-5.147095,-7.832703,-44.230591,8.958752,70.330929
2025-10-03T11:20:41.298,2.289740,-0.862793,-1.803772,-20.824951,19.534058,2.302918,-105.637133,56.848225,-6.056763,2.415710,-5.147095,-7.833069,-44.230591,8.958752,70.330929
2025-10-03T11:20:41.298,2.289822,-0.862976,-1.798279,-20.820741,19.517578,2.302918,-105.816829,56.870908,-6.056763,2.415710,-5.147095,-7.833252,-44.230591,8.958752,70.332350
2025-10-03T11:20:41.308,2.299973,-0.862244,-1.792236,-20.815430,19.500550,2.302918,-106.000882,56.886501,-6.056763,2.415710,-5.147095,-7.833252,-44.230591,8.958752,70.332350
2025-10-03T11:20:41.308,2.300040,-0.862061,-1.787109,-20.810669,19.484254,2.302918,-106.180577,56.903512,-6.056763,2.415710,-5.147095,-7.833252,-44.230591,8.958752,70.332350
2025-10-03T11:20:41.317,2.309581,-0.862061,-1.781982,-20.804261,19.466492,2.302551,-106.359836,56.926191,-6.056763,2.415710,-5.147095,-7.833252,-44.230591,8.958752,70.332350
2025-10-03T11:20:41.318,2.309663,-0.862244,-1.777405,-20.799866,19.448549,2.302551,-106.536922,56.950291,-6.056763,2.415527,-5.147278,-7.833436,-44.230591,8.958752,70.333764
2025-10-03T11:20:41.328,2.319841,-0.862244,-1.773193,-20.795105,19.431702,2.302368,-106.716187,56.974392,-6.056763,2.415527,-5.147461,-7.833436,-44.230591,8.958752,70.333764
2025-10-03T11:20:41.328,2.319907,-0.862061,-1.769165,-20.789979,19.417420,2.302368,-106.894578,56.998489,-6.056580,2.415527,-5.147461,-7.833436,-44.230591,8.958752,70.333764
2025-10-03T11:20:41.337,2.329430,-0.862061,-1.767151,-20.786499,19.402039,2.302368,-107.072101,57.022589,-6.056580,2.415527,-5.147278,-7.833618,-44.230591,8.958752,70.333764
2025-10-03T11:20:41.337,2.329511,-0.862061,-1.764404,-20.783936,19.387939,2.302734,-107.250492,57.049524,-6.056580,2.415527,-5.147461,-7.833618,-44.230591,8.958752,70.333764
2025-10-03T11:20:41.348,2.339695,-0.862061,-1.762390,-20.780823,19.373109,2.302918,-107.433234,57.077876,-6.056397,2.415527,-5.147461,-7.833618,-44.230591,8.958752,70.333764
2025-10-03T11:20:41.348,2.339762,-0.862427,-1.760559,-20.778443,19.359925,2.303284,-107.622505,57.100556,-6.056397,2.415710,-5.147461,-7.833618,-44.230591,8.958752,70.335184
2025-10-03T11:20:41.358,2.349982,-0.862610,-1.757813,-20.777161,19.347474,2.303284,-107.811777,57.124656,-6.056397,2.415710,-5.147461,-7.833618,-44.230591,8.958752,70.336598
2025-10-03T11:20:41.358,2.350053,-0.862427,-1.755981,-20.775513,19.332277,2.303284,-108.000611,57.151591,-6.056397,2.415710,-5.147644,-7.833618,-44.230775,8.958752,70.336598
2025-10-03T11:20:41.367,2.359571,-0.862427,-1.755066,-20.773865,19.318910,2.303101,-108.187703,57.174270,-6.056397,2.415710,-5.147644,-7.833618,-44.230775,8.958752,70.338019
2025-10-03T11:20:41.367,2.359639,-0.862427,-1.753601,-20.772400,19.306274,2.302734,-108.370882,57.187029,-6.056580,2.415710,-5.147644,-7.833618,-44.230775,8.958752,70.338019
2025-10-03T11:20:41.378,2.369792,-0.862427,-1.752319,-20.770935,19.294922,2.302368,-108.555796,57.201205,-6.056946,2.415710,-5.147644,-7.833618,-44.230775,8.958752,70.338019
2025-10-03T11:20:41.378,2.369946,-0.862976,-1.751587,-20.770020,19.284301,2.302551,-108.738975,57.218216,-6.056946,2.415710,-5.147644,-7.833618,-44.230775,8.958752,70.339440
2025-10-03T11:20:41.387,2.379443,-0.862976,-1.751404,-20.769654,19.273682,2.303101,-108.922154,57.232392,-6.056946,2.415710,-5.147644,-7.833802,-44.230775,8.958752,70.339440
2025-10-03T11:20:41.387,2.379508,-0.862976,-1.751404,-20.769654,19.262879,2.303650,-109.110120,57.245151,-6.056946,2.415710,-5.147644,-7.833802,-44.230591,8.958752,70.339440
2025-10-03T11:20:41.398,2.389668,-0.862793,-1.751404,-20.769654,19.251892,2.303833,-109.296346,57.259327,-6.056763,2.415710,-5.147644,-7.833985,-44.230775,8.958752,70.340853
2025-10-03T11:20:41.398,2.389736,-0.862793,-1.751038,-20.769104,19.239441,2.304016,-109.488219,57.270668,-6.056763,2.415710,-5.147644,-7.834168,-44.230775,8.958752,70.340853
2025-10-03T11:20:41.408,2.399935,-0.862244,-1.750488,-20.768555,19.227174,2.304016,-109.694027,57.283427,-6.056763,2.415710,-5.147827,-7.834168,-44.230775,8.958752,70.340853
2025-10-03T11:20:41.408,2.400005,-0.862244,-1.749573,-20.768189,19.214355,2.303650,-109.883298,57.297603,-6.056763,2.415710,-5.147827,-7.834168,-44.230775,8.958752,70.342274
2025-10-03T11:20:41.417,2.409530,-0.862244,-1.748657,-20.767639,19.201356,2.303284,-110.070390,57.313196,-6.056763,2.415527,-5.147827,-7.834168,-44.230775,8.958752,70.342274
2025-10-03T11:20:41.429,2.420724,-0.862061,-1.747742,-20.766907,19.187989,2.303101,-110.254874,57.328790,-6.056763,2.415527,-5.147827,-7.834168,-44.230775,8.958752,70.342274
2025-10-03T11:20:41.429,2.420807,-0.861694,-1.746826,-20.766724,19.175355,2.302918,-110.439788,57.335880,-6.056763,2.415527,-5.147827,-7.834168,-44.230775,8.958752,70.342274
2025-10-03T11:20:41.429,2.420883,-0.861328,-1.746460,-20.766724,19.165284,2.302918,-110.628191,57.337293,-6.056763,2.415527,-5.147827,-7.834168,-44.230775,8.958752,70.343688
2025-10-03T11:20:41.437,2.429413,-0.861145,-1.746277,-20.766724,19.154664,2.303101,-110.814847,57.344383,-6.056763,2.415527,-5.147827,-7.834351,-44.230775,8.958752,70.343688
2025-10-03T11:20:41.448,2.439739,-0.861145,-1.746094,-20.766724,19.143861,2.303284,-111.003681,57.350052,-6.056763,2.415527,-5.147827,-7.834533,-44.230775,8.958752,70.343688
2025-10-03T11:20:41.448,2.439806,-0.861145,-1.745544,-20.766907,19.133240,2.304016,-111.196436,57.354307,-6.056763,2.415527,-5.148010,-7.834900,-44.230775,8.958752,70.343688
2025-10-03T11:20:41.458,2.449987,-0.860779,-1.744629,-20.767091,19.122436,2.304749,-111.394402,57.355721,-6.056580,2.415527,-5.148010,-7.835450,-44.230775,8.958752,70.343688
2025-10-03T11:20:41.458,2.450069,-0.860046,-1.743713,-20.766907,19.110902,2.304749,-111.588024,57.355721,-6.056580,2.415527,-5.148010,-7.836548,-44.230775,8.958752,70.343688
2025-10-03T11:20:41.467,2.459610,-0.859680,-1.742615,-20.766724,19.098450,2.304382,-111.777733,57.355721,-6.056580,2.415527,-5.148010,-7.837280,-44.230775,8.958752,70.343688
2025-10-03T11:20:41.468,2.459693,-0.859314,-1.741150,-20.766724,19.087099,2.304016,-111.962216,57.355721,-6.056580,2.415527,-5.148010,-7.837646,-44.230775,8.958752,70.343688
2025-10-03T11:20:41.478,2.469878,-0.859314,-1.739868,-20.766724,19.077210,2.304016,-112.148004,57.355721,-6.056763,2.415527,-5.148010,-7.837830,-44.230775,8.958752,70.345109
2025-10-03T11:20:41.478,2.469957,-0.858948,-1.738953,-20.766724,19.070252,2.304382,-112.333355,57.355721,-6.056946,2.415527,-5.148010,-7.837830,-44.230775,8.958752,70.345109
2025-10-03T11:20:41.487,2.479450,-0.858398,-1.738586,-20.766907,19.062013,2.304932,-112.518706,57.355721,-6.056763,2.415527,-5.148010,-7.837830,-44.230775,8.958752,70.345109
2025-10-03T11:20:41.487,2.479527,-0.857849,-1.738586,-20.767274,19.053040,2.305664,-112.704501,57.355721,-6.056763,2.415527,-5.148194,-7.838013,-44.230775,8.958752,70.346522
2025-10-03T11:20:41.498,2.489733,-0.855286,-1.738037,-20.767457,19.035828,2.308411,-113.083474,57.357142,-6.056763,2.415710,-5.148194,-7.838562,-44.230775,8.958752,70.346522
2025-10-03T11:20:41.498,2.489814,-0.854553,-1.737854,-20.767091,19.026674,2.309326,-113.275354,57.357142,-6.056580,2.415710,-5.148194,-7.838745,-44.230775,8.958752,70.346522
2025-10-03T11:20:41.508,2.500025,-0.853821,-1.736939,-20.767091,19.017518,2.309693,-113.464619,57.357142,-6.056580,2.415710,-5.148194,-7.838745,-44.230775,8.958752,70.346522
2025-10-03T11:20:41.508,2.500110,-0.853088,-1.736389,-20.767091,19.008546,2.309693,-113.651281,57.358556,-6.056580,2.415710,-5.148194,-7.838745,-44.230775,8.958752,70.347943
2025-10-03T11:20:41.518,2.509670,-0.852722,-1.735840,-20.767091,19.001221,2.309693,-113.833586,57.358556,-6.056580,2.415710,-5.148377,-7.838745,-44.230775,8.958752,70.347943
2025-10-03T11:20:41.518,2.509751,-0.852356,-1.735474,-20.767091,18.992249,2.309693,-114.019374,57.358556,-6.056580,2.415710,-5.148377,-7.838745,-44.230960,8.958752,70.349357
2025-10-03T11:20:41.528,2.519928,-0.852356,-1.735107,-20.767091,18.984193,2.310608,-114.207778,57.358556,-6.056580,2.415710,-5.148377,-7.838745,-44.231141,8.958752,70.349357
2025-10-03T11:20:41.528,2.520009,-0.852539,-1.734924,-20.767091,18.977051,2.311340,-114.395307,57.358556,-6.056580,2.415710,-5.148377,-7.838745,-44.231141,8.958752,70.349357
2025-10-03T11:20:41.537,2.529445,-0.852356,-1.734741,-20.767091,18.967896,2.311707,-114.583267,57.358556,-6.056580,2.415710,-5.148377,-7.838745,-44.231141,8.958752,70.349357
2025-10-03T11:20:41.537,2.529523,-0.852356,-1.734558,-20.767091,18.959108,2.311707,-114.775578,57.358556,-6.056580,2.415710,-5.148377,-7.838745,-44.231141,8.958752,70.350778
2025-10-03T11:20:41.548,2.539863,-0.852356,-1.734009,-20.767274,18.951417,2.312073,-114.972246,57.358556,-6.056763,2.415710,-5.148377,-7.838745,-44.231141,8.958752,70.350778
2025-10-03T11:20:41.548,2.539973,-0.852356,-1.733460,-20.767091,18.943726,2.311890,-115.164571,57.359976,-6.056763,2.415710,-5.148377,-7.838929,-44.231141,8.958752,70.350778
2025-10-03T11:20:41.558,2.550213,-0.852539,-1.732544,-20.766907,18.934937,2.312073,-115.353835,57.359976,-6.056763,2.415710,-5.148377,-7.839111,-44.231141,8.958752,70.352198
2025-10-03T11:20:41.558,2.550303,-0.852539,-1.731629,-20.766907,18.926881,2.312073,-115.537445,57.359976,-6.056763,2.415710,-5.148377,-7.839295,-44.231141,8.958752,70.352198
2025-10-03T11:20:41.568,2.559733,-0.852539,-1.730896,-20.766907,18.917543,2.311890,-115.719319,57.359976,-6.056763,2.415710,-5.148377,-7.839478,-44.231141,8.958752,70.352198
2025-10-03T11:20:41.568,2.559813,-0.852539,-1.729981,-20.766907,18.909485,2.311890,-115.904239,57.359976,-6.056763,2.415710,-5.148377,-7.839661,-44.231141,8.958752,70.353612
2025-10-03T11:20:41.578,2.570038,-0.852539,-1.729065,-20.766907,18.902161,2.311890,-116.085677,57.359976,-6.056763,2.415710,-5.148377,-7.839844,-44.231141,8.958752,70.353612
2025-10-03T11:20:41.578,2.570124,-0.852722,-1.728699,-20.766907,18.895203,2.312073,-116.266239,57.359976,-6.056763,2.415710,-5.148377,-7.840210,-44.231141,8.958752,70.353612
2025-10-03T11:20:41.587,2.579468,-0.852722,-1.728149,-20.766907,18.887514,2.312073,-116.443770,57.359976,-6.056763,2.415710,-5.148377,-7.840576,-44.231141,8.958752,70.353612
2025-10-03T11:20:41.587,2.579528,-0.852722,-1.727600,-20.766907,18.880921,2.312256,-116.627816,57.359976,-6.056580,2.415710,-5.148377,-7.841309,-44.231141,8.958752,70.353612
2025-10-03T11:20:41.598,2.589807,-0.852722,-1.727051,-20.766907,18.875245,2.312622,-116.810127,57.359976,-6.056580,2.415710,-5.148560,-7.842224,-44.231141,8.958752,70.353612
2025-10-03T11:20:41.598,2.589875,-0.852539,-1.726501,-20.766724,18.869569,2.312805,-116.990253,57.359976,-6.056580,2.415527,-5.148560,-7.842773,-44.231141,8.958752,70.355033
2025-10-03T11:20:41.608,2.600105,-0.852539,-1.726135,-20.766724,18.863709,2.312988,-117.166472,57.361390,-6.056580,2.415527,-5.148743,-7.843506,-44.231141,8.958752,70.355033
2025-10-03T11:20:41.608,2.600195,-0.852539,-1.725586,-20.766724,18.859131,2.312988,-117.340082,57.361390,-6.056580,2.415527,-5.148743,-7.843689,-44.231141,8.958752,70.355033
2025-10-03T11:20:41.618,2.609827,-0.852539,-1.724854,-20.766724,18.853822,2.312988,-117.514552,57.361390,-6.056580,2.415527,-5.148743,-7.843689,-44.231141,8.958752,70.355033
2025-10-03T11:20:41.618,2.609888,-0.852356,-1.724304,-20.766724,18.849427,2.312988,-117.691632,57.361390,-6.056580,2.415527,-5.148743,-7.844056,-44.231141,8.958752,70.355033
2025-10-03T11:20:41.628,2.620094,-0.852356,-1.724121,-20.766724,18.844483,2.312988,-117.868725,57.361390,-6.056580,2.415527,-5.148743,-7.844238,-44.231141,8.958752,70.356447
2025-10-03T11:20:41.628,2.620175,-0.852356,-1.723938,-20.766724,18.839905,2.312805,-118.045381,57.361390,-6.056580,2.415527,-5.148743,-7.844422,-44.231141,8.958752,70.356447
2025-10-03T11:20:41.637,2.629417,-0.852356,-1.723572,-20.766724,18.835695,2.312805,-118.222023,57.361390,-6.056580,2.415527,-5.148743,-7.844605,-44.231141,8.958752,70.356447
2025-10-03T11:20:41.637,2.629496,-0.852356,-1.722839,-20.766724,18.830934,2.312988,-118.406069,57.361390,-6.056580,2.415527,-5.148926,-7.844788,-44.231141,8.958752,70.356447
2025-10-03T11:20:41.648,2.639699,-0.852356,-1.722107,-20.766724,18.826904,2.313171,-118.589692,57.361390,-6.056580,2.415710,-5.148926,-7.845337,-44.231141,8.959187,70.356447
2025-10-03T11:20:41.648,2.639780,-0.852356,-1.721191,-20.766541,18.821961,2.313171,-118.771566,57.361390,-6.056580,2.415710,-5.148743,-7.845886,-44.231141,8.959187,70.356447
2025-10-03T11:20:41.658,2.649991,-0.852539,-1.720276,-20.766541,18.817017,2.313538,-118.947772,57.364232,-6.056580,2.415710,-5.148743,-7.846252,-44.231141,8.959187,70.357867
2025-10-03T11:20:41.658,2.650073,-0.852722,-1.719360,-20.766541,18.813355,2.313538,-119.122256,57.365646,-6.056580,2.415710,-5.148926,-7.846619,-44.231141,8.959187,70.357867
2025-10-03T11:20:41.667,2.659629,-0.852722,-1.718262,-20.766359,18.809144,2.313538,-119.294554,57.365646,-6.056763,2.415710,-5.148926,-7.846802,-44.231141,8.959187,70.357867
2025-10-03T11:20:41.678,2.669826,-0.852722,-1.717163,-20.766359,18.806581,2.313538,-119.467727,57.365646,-6.056763,2.415710,-5.148926,-7.847535,-44.231325,8.959187,70.357867
2025-10-03T11:20:41.678,2.669911,-0.852722,-1.716614,-20.766359,18.804383,2.313538,-119.638290,57.365646,-6.056763,2.415710,-5.148926,-7.848266,-44.231325,8.959187,70.357867
2025-10-03T11:20:41.678,2.669985,-0.852905,-1.716248,-20.766359,18.803101,2.313904,-119.807979,57.365646,-6.056580,2.415710,-5.148926,-7.848816,-44.231325,8.959187,70.357867
2025-10-03T11:20:41.687,2.679451,-0.853088,-1.715881,-20.766359,18.802003,2.314270,-119.976794,57.365646,-6.056580,2.415710,-5.148926,-7.849549,-44.231325,8.959187,70.359281
2025-10-03T11:20:41.698,2.689693,-0.853088,-1.715149,-20.766359,18.800903,2.314636,-120.150404,57.365646,-6.056580,2.415710,-5.149109,-7.850281,-44.231325,8.959187,70.359281
2025-10-03T11:20:41.698,2.689775,-0.852905,-1.714600,-20.766359,18.799623,2.315369,-120.324000,57.365646,-6.056580,2.415710,-5.149109,-7.850648,-44.231325,8.959187,70.359281
2025-10-03T11:20:41.708,2.699975,-0.852905,-1.713501,-20.766174,18.798523,2.315918,-120.496736,57.365646,-6.056580,2.415710,-5.149109,-7.851013,-44.231325,8.959187,70.359281
2025-10-03T11:20:41.708,2.700054,-0.852905,-1.712036,-20.765991,18.797791,2.316467,-120.667299,57.368480,-6.056580,2.415710,-5.149109,-7.851379,-44.231325,8.959187,70.359281
2025-10-03T11:20:41.717,2.709609,-0.852905,-1.710571,-20.765809,18.797242,2.316651,-120.832644,57.369901,-6.056580,2.415710,-5.149109,-7.851563,-44.231325,8.959187,70.359281
2025-10-03T11:20:41.718,2.709691,-0.852722,-1.709839,-20.765809,18.797058,2.316833,-120.995804,57.371315,-6.056580,2.415710,-5.149109,-7.851563,-44.231325,8.959187,70.359281
2025-10-03T11:20:41.728,2.719897,-0.852722,-1.709106,-20.765809,18.797058,2.317200,-121.159401,57.371315,-6.056580,2.415710,-5.149109,-7.851746,-44.231506,8.959187,70.359281
2025-10-03T11:20:41.728,2.719976,-0.852722,-1.708923,-20.765809,18.797058,2.317566,-121.322123,57.371315,-6.056580,2.415710,-5.149109,-7.851929,-44.231506,8.959187,70.360702
2025-10-03T11:20:41.737,2.729409,-0.852905,-1.708557,-20.765626,18.797058,2.318115,-121.481813,57.371315,-6.056580,2.415710,-5.149109,-7.852478,-44.231506,8.959187,70.360702
2025-10-03T11:20:41.737,2.729488,-0.853088,-1.708191,-20.765626,18.796693,2.318665,-121.642363,57.371315,-6.056580,2.415710,-5.149109,-7.853577,-44.231506,8.959187,70.360702
2025-10-03T11:20:41.748,2.739715,-0.852905,-1.707459,-20.765626,18.796510,2.319031,-121.811615,57.371315,-6.056580,2.415710,-5.149109,-7.854676,-44.231506,8.959187,70.360702
2025-10-03T11:20:41.748,2.739807,-0.852905,-1.705078,-20.765626,18.796325,2.319763,-122.131856,57.371315,-6.056580,2.415710,-5.149109,-7.856323,-44.231506,8.959187,70.360702
2025-10-03T11:20:41.758,2.749999,-0.852905,-1.703430,-20.765442,18.796143,2.320313,-122.278923,57.376984,-6.056580,2.415710,-5.149109,-7.857056,-44.231506,8.959187,70.360702
2025-10-03T11:20:41.758,2.750084,-0.852722,-1.701599,-20.765259,18.796143,2.320862,-122.441646,57.379825,-6.056580,2.415710,-5.149109,-7.857971,-44.231506,8.959187,70.360702
2025-10-03T11:20:41.767,2.759608,-0.852722,-1.701599,-20.765259,18.796143,2.320862,-122.441646,57.379825,-6.056580,2.415710,-5.149109,-7.857971,-44.231506,8.959187,70.360702
2025-10-03T11:20:41.768,2.759700,-0.852905,-1.697022,-20.765259,18.796325,2.321594,-122.731860,57.379825,-6.056580,2.415710,-5.149109,-7.859803,-44.231506,8.959187,70.362116
2025-10-03T11:20:41.777,2.769450,-0.852722,-1.694824,-20.765259,18.795960,2.321961,-122.873710,57.379825,-6.056580,2.415710,-5.149292,-7.860535,-44.231506,8.959187,70.362116
2025-10-03T11:20:41.777,2.769533,-0.852722,-1.692627,-20.765259,18.796143,2.323059,-123.013811,57.379825,-6.056580,2.415710,-5.149292,-7.861084,-44.231506,8.959187,70.362116
2025-10-03T11:20:41.788,2.780557,-0.852722,-1.690796,-20.765259,18.796143,2.324158,-123.151739,57.379825,-6.056580,2.415710,-5.149109,-7.861450,-44.231506,8.959187,70.362116
2025-10-03T11:20:41.788,2.780638,-0.852539,-1.688232,-20.765259,18.795960,2.325256,-123.287483,57.379825,-6.056580,2.415710,-5.149109,-7.861633,-44.231690,8.959187,70.362116
2025-10-03T11:20:41.798,2.790039,-0.852356,-1.686035,-20.765259,18.795960,2.325989,-123.420630,57.379825,-6.056580,2.415710,-5.149109,-7.861817,-44.231690,8.959187,70.362116
2025-10-03T11:20:41.798,2.790119,-0.852356,-1.684204,-20.765259,18.796143,2.326538,-123.552030,57.381239,-6.056580,2.415710,-5.149109,-7.861817,-44.231690,8.959187,70.362116
2025-10-03T11:20:41.808,2.800300,-0.852356,-1.680725,-20.765259,18.796510,2.327087,-123.688210,57.388329,-6.056580,2.415710,-5.149292,-7.861817,-44.231690,8.959187,70.362116
2025-10-03T11:20:41.808,2.800384,-0.852356,-1.676880,-20.765259,18.796510,2.327820,-123.822655,57.391163,-6.056580,2.415710,-5.149292,-7.861817,-44.231690,8.959187,70.363536
2025-10-03T11:20:41.818,2.809979,-0.852356,-1.672852,-20.765259,18.796143,2.328552,-123.953631,57.391163,-6.056580,2.415710,-5.149292,-7.861817,-44.231690,8.959187,70.363536
2025-10-03T11:20:41.818,2.810059,-0.852173,-1.668091,-20.765259,18.795960,2.329468,-124.079812,57.391163,-6.056580,2.415710,-5.149292,-7.861817,-44.231690,8.959187,70.363536
2025-10-03T11:20:41.828,2.820253,-0.852173,-1.662781,-20.765259,18.795960,2.330017,-124.205993,57.391163,-6.056580,2.415710,-5.149292,-7.861999,-44.231875,8.959623,70.363536
2025-10-03T11:20:41.828,2.820334,-0.851990,-1.658386,-20.765259,18.795960,2.330933,-124.327379,57.391163,-6.056580,2.415710,-5.149292,-7.861999,-44.231875,8.959623,70.363536
2025-10-03T11:20:41.838,2.830194,-0.851624,-1.653809,-20.765442,18.795777,2.332214,-124.442686,57.391163,-6.056580,2.415894,-5.149292,-7.861999,-44.231875,8.959623,70.363536
2025-10-03T11:20:41.838,2.830272,-0.851257,-1.649048,-20.765442,18.795595,2.334229,-124.557980,57.391163,-6.056580,2.415894,-5.149292,-7.861999,-44.231875,8.959623,70.363536
2025-10-03T11:20:41.847,2.839514,-0.851257,-1.644287,-20.765442,18.795410,2.336609,-124.671976,57.391163,-6.056580,2.415894,-5.149292,-7.861999,-44.231875,8.959623,70.363536
2025-10-03T11:20:41.848,2.839655,-0.851440,-1.638977,-20.765442,18.795410,2.338074,-124.783800,57.398253,-6.056580,2.415894,-5.149292,-7.861999,-44.231875,8.959623,70.364950
2025-10-03T11:20:41.858,2.849853,-0.851257,-1.634216,-20.765259,18.795595,2.339722,-124.894312,57.405336,-6.056580,2.415894,-5.149475,-7.862183,-44.231875,8.959623,70.364950
2025-10-03T11:20:41.858,2.849939,-0.851257,-1.628357,-20.765259,18.795410,2.341553,-125.003090,57.408170,-6.056580,2.415710,-5.149475,-7.862183,-44.232056,8.959623,70.364950
2025-10-03T11:20:41.867,2.859465,-0.851257,-1.623230,-20.765259,18.795227,2.342834,-125.110569,57.409591,-6.056580,2.415710,-5.149475,-7.862183,-44.232056,8.959623,70.364950
2025-10-03T11:20:41.867,2.859543,-0.851074,-1.617554,-20.765076,18.795227,2.343933,-125.216724,57.409591,-6.056580,2.415710,-5.149475,-7.862183,-44.232056,8.959623,70.364950
2025-10-03T11:20:41.879,2.870762,-0.851074,-1.612610,-20.765076,18.795227,2.345032,-125.322456,57.409591,-6.056580,2.415710,-5.149475,-7.862183,-44.232056,8.959623,70.366371
2025-10-03T11:20:41.879,2.870843,-0.851257,-1.606751,-20.765076,18.795227,2.346314,-125.433842,57.409591,-6.056580,2.415894,-5.149475,-7.862183,-44.232056,8.959623,70.366371
2025-10-03T11:20:41.887,2.879426,-0.851624,-1.600342,-20.764894,18.794862,2.347412,-125.545229,57.409591,-6.056580,2.415894,-5.149475,-7.862183,-44.232056,8.959623,70.366371
2025-10-03T11:20:41.887,2.879506,-0.851624,-1.593567,-20.764894,18.794312,2.347778,-125.655741,57.411012,-6.056580,2.415894,-5.149475,-7.862366,-44.232056,8.959623,70.366371
2025-10-03T11:20:41.898,2.889694,-0.851624,-1.587158,-20.764894,18.793762,2.348328,-125.767565,57.419515,-6.056580,2.415894,-5.149475,-7.862366,-44.232056,8.959623,70.366371
2025-10-03T11:20:41.898,2.889759,-0.851990,-1.580017,-20.764711,18.793397,2.348694,-125.881124,57.432274,-6.056580,2.415894,-5.149475,-7.862366,-44.232240,8.959623,70.366371
